place_id,name,address,distrito,latitude,longitude,phone,website,rating,total_ratings,price_level,business_status,is_open_now,types,opening_hours,photos_count,reviews_count,delivery,dine_in,takeout,serves_breakfast,serves_dinner,serves_lunch,wheelchair_accessible_entrance,distrito_atualizado,confianca_distrito,metodo_distrito,year,month,day
ChIJsfuTt6NezpQRgMFZKWu4dsI,Habib's Salim Farah Maluf,"Av. Salim Farah Maluf, 3400 - Vila Bertioga, São Paulo - SP, 03157-200, Brazil",Não Identificado,-23.5603247,-46.5772048,(11) 5696-6000,http://www.habibs.com.br/,3.6,5610,2,OPERATIONAL,True,"establishment, food, point_of_interest, restaurant",Monday: 11:00 AM – 12:00 AM | Tuesday: 11:00 AM – 12:00 AM | Wednesday: 11:00 AM – 12:00 AM | Thursday: 11:00 AM – 12:00 AM | Friday: 11:00 AM – 2:00 AM | Saturday: 11:00 AM – 2:00 AM | Sunday: 11:00 AM – 12:00 AM,10,5,True,True,True,False,True,True,True,Água Rasa,alta,nominatim_reverse,2025,8,30
ChIJjcRiB0lZzpQRGP06zbrhmq8,Habib's Mooca,"Av. Paes de Barros, 251 - Mooca, São Paulo - SP, 03115-020, Brazil",Móoca,-23.5579602,-46.6001264,(11) 5696-6000,http://www.habibs.com.br/,3.7,4484,2,OPERATIONAL,True,"establishment, food, point_of_interest, restaurant",Monday: 11:00 AM – 2:00 AM | Tuesday: 11:00 AM – 2:00 AM | Wednesday: 11:00 AM – 2:00 AM | Thursday: 11:00 AM – 2:00 AM | Friday: 11:00 AM – 2:00 AM | Saturday: 11:00 AM – 2:00 AM | Sunday: 11:00 AM – 12:00 AM,10,5,True,True,True,False,True,True,True,Mooca,alta,original,2025,8,30
ChIJ5VvrDxNczpQRNPMLBkGSs9E,Habib's Anhaia Mello,"Av. Professor Luiz Ignácio Anhaia Mello, 1376 - Vila Prudente, São Paulo - SP, 03154-000, Brazil",Vila Prudente,-23.585059,-46.5803969,(11) 5696-6000,http://www.habibs.com.br/,4,6724,2,OPERATIONAL,True,"establishment, food, point_of_interest, restaurant",Monday: 9:00 AM – 11:30 PM | Tuesday: 9:00 AM – 11:30 PM | Wednesday: 9:00 AM – 10:00 PM | Thursday: 11:00 AM – 11:30 PM | Friday: 10:00 AM – 2:00 AM | Saturday: 10:00 AM – 2:00 AM | Sunday: 11:00 AM – 12:00 AM,10,5,True,True,True,N/A,True,True,True,Vila Prudente,alta,original,2025,8,30
ChIJEUTnNMhbzpQRxT6CdavIRdg,Habib's Ricardo Jafet,"Av. Dr. Ricardo Jafet, 3000 - Bosque da Saúde, São Paulo - SP, 04123-020, Brazil",Saúde,-23.601002,-46.6249262,(11) 5696-6000,http://www.habibs.com.br/,4,9234,2,OPERATIONAL,True,"establishment, food, point_of_interest, restaurant",Monday: 11:00 AM – 5:00 AM | Tuesday: 11:00 AM – 5:00 AM | Wednesday: 11:00 AM – 5:00 AM | Thursday: 11:00 AM – 5:00 AM | Friday: 11:00 AM – 5:00 AM | Saturday: 11:00 AM – 5:00 AM | Sunday: 11:00 AM – 5:00 AM,10,5,True,True,True,False,True,True,True,Saúde,média,bairro,2025,8,30
ChIJLSihJcNezpQRW32kYvjJO44,Habib's Shopping Tatuapé 2,"R. Gonçalves Crespo, 78 - Tatuapé, São Paulo - SP, 03066-030, Brazil",Tatuapé,-23.5388402,-46.5766252,(11) 5696-6000,http://www.habibs.com.br/,4,2403,2,OPERATIONAL,True,"establishment, food, point_of_interest, restaurant",Monday: 10:00 AM – 10:00 PM | Tuesday: 10:00 AM – 10:00 PM | Wednesday: 10:00 AM – 10:00 PM | Thursday: 10:00 AM – 10:00 PM | Friday: 10:00 AM – 10:00 PM | Saturday: 10:00 AM – 10:00 PM | Sunday: 10:00 AM – 10:00 PM,10,5,True,True,True,N/A,True,True,N/A,Tatuapé,alta,original,2025,8,30
ChIJ9ysWVHRbzpQRbFDgUNiDOkQ,Habib's,"Av. Teresa Paulo, 51 - Vila da Saúde, São Paulo - SP, 04293-007, Brazil",Saúde,-23.6186525,-46.6097782,(11) 5696-6000,http://www.habibs.com.br/,4,3136,2,OPERATIONAL,True,"establishment, food, point_of_interest, restaurant",Monday: 9:00 AM – 2:00 AM | Tuesday: 9:00 AM – 4:00 AM | Wednesday: 9:00 AM – 4:00 AM | Thursday: 9:00 AM – 4:00 AM | Friday: 9:00 AM – 4:00 AM | Saturday: 9:00 AM – 4:00 AM | Sunday: 10:00 AM – 2:00 AM,10,5,True,True,True,True,True,True,True,Sacomã,alta,nominatim_reverse,2025,8,30
ChIJFRkEDQBZzpQRsMJqA_8yzUA,Habib's - Quiosque Shopping Light,"R. Cel. Xavier de Toledo, 23 - 5º andar - República, São Paulo - SP, 01048-900, Brazil",República,-23.5476173,-46.6392154,(11) 95046-4547,https://www.habibs.com.br/,5,9,2,OPERATIONAL,True,"establishment, food, point_of_interest, restaurant",Monday: 9:00 AM – 9:00 PM | Tuesday: 9:00 AM – 9:00 PM | Wednesday: 9:00 AM – 9:00 PM | Thursday: 9:00 AM – 9:00 PM | Friday: 9:00 AM – 9:00 PM | Saturday: 9:00 AM – 9:00 PM | Sunday: 12:00 – 6:00 PM,3,5,True,True,True,N/A,N/A,N/A,N/A,República,alta,original,2025,8,30
ChIJ7asz-npbzpQRKcjGxgtUER8,Habib's Sacomã,"Praça Gaúcha, 204 - Sacomã, São Paulo - SP, 04247-020, Brazil",Sacomã,-23.6207997,-46.6024055,(11) 5696-6000,http://www.habibs.com.br/,3.9,5303,2,OPERATIONAL,True,"establishment, food, point_of_interest, restaurant",Monday: Open 24 hours | Tuesday: Open 24 hours | Wednesday: Open 24 hours | Thursday: Open 24 hours | Friday: Open 24 hours | Saturday: Open 24 hours | Sunday: Open 24 hours,10,5,True,True,True,True,True,True,True,Sacomã,alta,original,2025,8,30
ChIJZ5Qo-DFazpQRvR1v_8tR_CI,Habib's - Domingos de Morais,"R. Domingos de Morais, 2400 - Vila Clementino, São Paulo - SP, 04036-000, Brazil",Não Identificado,-23.597306,-46.63702139999999,(11) 5696-6000,http://www.habibs.com.br/,3.8,7008,2,OPERATIONAL,True,"establishment, food, point_of_interest, restaurant",Monday: 8:00 AM – 4:00 AM | Tuesday: 8:00 AM – 4:00 AM | Wednesday: 8:00 AM – 4:00 AM | Thursday: 8:00 AM – 4:00 AM | Friday: 8:00 AM – 4:00 AM | Saturday: 8:00 AM – 4:00 AM | Sunday: 8:00 AM – 4:00 AM,10,5,True,True,True,True,True,True,True,Vila Mariana,alta,nominatim_reverse,2025,8,30
ChIJr5bDgY1gzpQRWqBuF9EMvpc,Habib's São Miguel,"Av. São Miguel, 3455 - Vila Marieta, São Paulo - SP, 03871-000, Brazil",São Miguel,-23.5102232,-46.4988696,(11) 5696-6000,http://www.habibs.com.br/,3.7,6142,2,OPERATIONAL,True,"establishment, food, point_of_interest, restaurant",Monday: 10:00 AM – 4:00 AM | Tuesday: 10:00 AM – 4:00 AM | Wednesday: 10:00 AM – 4:00 AM | Thursday: 10:00 AM – 4:00 AM | Friday: 10:00 AM – 4:00 AM | Saturday: 10:00 AM – 4:00 AM | Sunday: 10:00 AM – 4:00 AM,10,5,True,True,True,True,True,True,True,São Miguel,alta,original,2025,8,30
ChIJ54Yo7NRbzpQRhFjGabZk1C4,Habib's Lins de Vasconcelos,"Av. Lins de Vasconcelos, 3045 - Vila Mariana, São Paulo - SP, 04112-011, Brazil",Vila Maria,-23.5882301,-46.6301747,(11) 5696-6000,http://www.habibs.com.br/,3.9,3933,2,OPERATIONAL,True,"establishment, food, point_of_interest, restaurant",Monday: Open 24 hours | Tuesday: Open 24 hours | Wednesday: Open 24 hours | Thursday: Open 24 hours | Friday: Open 24 hours | Saturday: Open 24 hours | Sunday: Open 24 hours,10,5,True,True,True,True,True,True,True,Vila Maria,alta,original,2025,8,30
ChIJDd0K-D9ezpQRG86y3muBado,Habib's Radial I,"Av. Conde de Frontin, 2254 - Vila Matilde, São Paulo - SP, 03501-000, Brazil",Vila Matilde,-23.5326896,-46.5357061,(11) 5696-6000,http://www.habibs.com.br/,3.8,7974,2,OPERATIONAL,True,"establishment, food, point_of_interest, restaurant",Monday: 10:00 AM – 4:00 AM | Tuesday: 10:00 AM – 4:00 AM | Wednesday: 10:00 AM – 4:00 AM | Thursday: 10:00 AM – 4:00 AM | Friday: 10:00 AM – 2:00 AM | Saturday: 10:00 AM – 2:00 AM | Sunday: 10:00 AM – 4:00 AM,10,5,True,True,True,True,True,True,True,Vila Matilde,alta,original,2025,8,30
ChIJOW73_lxbzpQRE28ys5FpQ7E,Ya Habib Culinária Árabe,"Av. Fagundes Filho, 941 - Vila Monte Alegre, São Paulo - SP, 04304-011, Brazil",Não Identificado,-23.6262688,-46.6324243,(11) 91459-0050,http://www.instagram.com/yahabib_restaurante_arabe,4.6,109,2,OPERATIONAL,True,"establishment, food, point_of_interest, restaurant",Monday: 10:00 AM – 10:00 PM | Tuesday: 10:00 AM – 10:30 PM | Wednesday: 10:00 AM – 10:30 PM | Thursday: 10:00 AM – 10:30 PM | Friday: 10:00 AM – 11:30 PM | Saturday: 10:00 AM – 11:30 PM | Sunday: 10:00 AM – 10:00 PM,10,5,True,True,True,N/A,True,True,N/A,,baixa,nao_identificado,2025,8,30
ChIJNSdh1vBdzpQRigR5ZFFxunM,Habib's Rio das Pedras,"Av. Rio das Pedras, 10 - Jardim Aricanduva, São Paulo - SP, 03452-100, Brazil",Aricanduva,-23.5589676,-46.5216408,(11) 2783-9428,http://www.habibs.com.br/,3.7,4075,2,OPERATIONAL,True,"establishment, food, point_of_interest, restaurant",Monday: 11:00 AM – 4:00 AM | Tuesday: 11:00 AM – 4:00 AM | Wednesday: 11:00 AM – 4:00 AM | Thursday: 11:00 AM – 4:00 AM | Friday: 11:00 AM – 6:00 AM | Saturday: 11:00 AM – 6:00 AM | Sunday: 11:00 AM – 4:00 AM,10,5,True,True,True,N/A,True,True,True,Aricanduva,alta,original,2025,8,30
ChIJm1-_mtJZzpQRqAeq-LPpO64,Habib's - Augusta,"R. Augusta, 1894 - Cerqueira César, São Paulo - SP, 01412-000, Brazil",Não Identificado,-23.5590458,-46.6614456,(11) 5696-6000,http://www.habibs.com.br/,3.7,5090,2,OPERATIONAL,True,"establishment, food, meal_delivery, point_of_interest, restaurant",Monday: 8:00 AM – 4:00 AM | Tuesday: 8:00 AM – 4:00 AM | Wednesday: 8:00 AM – 4:00 AM | Thursday: 8:00 AM – 4:00 AM | Friday: 8:00 AM – 4:00 AM | Saturday: 8:00 AM – 4:00 AM | Sunday: 8:00 AM – 4:00 AM,10,5,True,True,True,True,True,True,True,Jardim Paulista,média,bairro,2025,8,30
ChIJh1zuNPRkzpQR8KvvBEWQ_no,Habib's - Fórum 7 de Setembro,"Largo Sete de Setembro, 46 - Centro Histórico de São Paulo, São Paulo - SP, 01501-050, Brazil",Sé,-23.5527461,-46.6348412,(11) 5696-6000,https://www.habibs.com.br/,3.9,2469,2,OPERATIONAL,True,"establishment, food, point_of_interest, restaurant",Monday: 9:00 AM – 9:00 PM | Tuesday: 9:00 AM – 9:00 PM | Wednesday: 9:00 AM – 9:00 PM | Thursday: 9:00 AM – 9:00 PM | Friday: 9:00 AM – 10:00 PM | Saturday: 9:00 AM – 10:00 PM | Sunday: Closed,10,5,True,True,True,True,True,True,True,Sé,alta,original,2025,8,30
ChIJ53lKLh5ZzpQRp4lIN9X0bBk,Habib's Concórdia,"Largo da Concórdia, 88 - Brás, São Paulo - SP, 03012-010, Brazil",Brás,-23.5416838,-46.6161729,(11) 5696-6000,http://www.habibs.com.br/,3.9,327,2,OPERATIONAL,False,"establishment, food, point_of_interest, restaurant",Monday: 9:00 AM – 6:00 PM | Tuesday: 9:00 AM – 6:00 PM | Wednesday: 9:00 AM – 6:00 PM | Thursday: 9:00 AM – 6:00 PM | Friday: 9:00 AM – 6:00 PM | Saturday: 9:00 AM – 6:00 PM | Sunday: Closed,10,5,True,True,True,N/A,True,True,True,Brás,alta,original,2025,8,30
ChIJt3GWct9nzpQRAUZNhT95hkM,Habib's Sapopemba,"Av. Sapopemba, 11841 - Jardim Sapopemba, São Paulo - SP, 03989-010, Brazil",Sapopemba,-23.6121715,-46.49412,(11) 5696-6000,http://www.habibs.com.br/,4.1,6360,2,OPERATIONAL,True,"establishment, food, point_of_interest, restaurant",Monday: 11:00 AM – 12:00 AM | Tuesday: 11:00 AM – 12:00 AM | Wednesday: 11:00 AM – 12:00 AM | Thursday: 11:00 AM – 12:00 AM | Friday: 11:00 AM – 2:00 AM | Saturday: 11:00 AM – 2:00 AM | Sunday: 11:00 AM – 2:00 AM,10,5,True,True,True,False,True,True,True,Sapopemba,média,bairro,2025,8,30
ChIJ3T2kLOZazpQRrYU2JDkWQvw,Habib's Conceição,"Av. Eng. Armando de Arruda Pereira, 943 - Conceição, São Paulo - SP, 04309-010, Brazil",Não Identificado,-23.635723,-46.6409173,(11) 5696-6000,http://www.habibs.com.br/,3.9,5197,2,OPERATIONAL,True,"establishment, food, point_of_interest, restaurant",Monday: 9:00 AM – 1:00 AM | Tuesday: 9:00 AM – 1:00 AM | Wednesday: 9:00 AM – 1:00 AM | Thursday: 9:00 AM – 1:00 AM | Friday: 9:00 AM – 2:00 AM | Saturday: 9:00 AM – 2:00 AM | Sunday: 9:00 AM – 1:00 AM,10,5,True,True,True,True,True,True,True,,baixa,nao_identificado,2025,8,30
ChIJR57aU69ZzpQRJkkqXjronfs,Habib's Liberdade 1,"Av. da Liberdade, 1070 - Liberdade, São Paulo - SP, 01502-001, Brazil",Liberdade,-23.5619207,-46.6388601,(11) 5696-6000,http://www.habibs.com.br/,3.7,5506,2,OPERATIONAL,True,"establishment, food, point_of_interest, restaurant",Monday: Open 24 hours | Tuesday: Open 24 hours | Wednesday: Open 24 hours | Thursday: Open 24 hours | Friday: Open 24 hours | Saturday: Open 24 hours | Sunday: 12:00 AM – 11:00 PM,10,5,True,True,True,True,True,True,True,Liberdade,alta,original,2025,8,30
ChIJX5-bsOhZzpQRzG_31BvxeNU,Big Bites,"Av. Cassandoca, 111 - Mooca, São Paulo - SP, 03169-010, Brazil",Móoca,-23.5503223,-46.5952362,(11) 2601-6017,https://instagram.com/bigbitesbr?utm_medium=copy_link,4.3,62,N/A,OPERATIONAL,True,"establishment, food, point_of_interest, restaurant",Monday: 11:00 AM – 11:30 PM | Tuesday: 11:00 AM – 11:30 PM | Wednesday: 11:00 AM – 11:30 PM | Thursday: 11:00 AM – 11:30 PM | Friday: 11:00 AM – 11:30 PM | Saturday: 11:00 AM – 11:30 PM | Sunday: Closed,10,5,True,True,True,N/A,N/A,N/A,N/A,Mooca,alta,original,2025,8,30
ChIJIaYdHdpazpQRpGKvuVXHEvk,Habib's Jabaquara,"Av. Eng. Armando de Arruda Pereira, 2285 - Jabaquara, São Paulo - SP, 04309-011, Brazil",Jabaquara,-23.6474634,-46.6397741,N/A,http://www.habibs.com.br/,3.9,14880,2,OPERATIONAL,True,"establishment, food, point_of_interest, restaurant",Monday: Open 24 hours | Tuesday: Open 24 hours | Wednesday: Open 24 hours | Thursday: Open 24 hours | Friday: Open 24 hours | Saturday: Open 24 hours | Sunday: Open 24 hours,10,5,True,True,True,True,True,True,True,Jabaquara,alta,original,2025,8,30
ChIJQVG-dGv4zpQRxmpUTfA8MTE,Habib's Ermano Marchetti,"Av. Santa Marina, 1161 - Água Branca, São Paulo - SP, 05036-001, Brazil",Não Identificado,-23.5149233,-46.6919695,(11) 5696-6000,http://www.habibs.com.br/,3.7,6749,2,OPERATIONAL,True,"establishment, food, point_of_interest, restaurant",Monday: 9:00 AM – 4:00 AM | Tuesday: 9:00 AM – 4:00 AM | Wednesday: 9:00 AM – 4:00 AM | Thursday: 9:00 AM – 4:00 AM | Friday: 9:00 AM – 4:00 AM | Saturday: 9:00 AM – 4:00 AM | Sunday: 9:00 AM – 4:00 AM,10,5,True,True,True,True,True,True,True,Barra Funda,alta,nominatim_reverse,2025,8,30
ChIJNW3RUHFZzpQROuET2NEnxCM,Habib's Ipiranga,"Av. Ipiranga, 794 - República, São Paulo - SP, 01039-000, Brazil",Ipiranga,-23.5427471,-46.6403336,(11) 3337-0443,http://www.habibs.com.br/,3.6,2622,2,OPERATIONAL,True,"establishment, food, point_of_interest, restaurant",Monday: Open 24 hours | Tuesday: Open 24 hours | Wednesday: Open 24 hours | Thursday: Open 24 hours | Friday: Open 24 hours | Saturday: Open 24 hours | Sunday: Open 24 hours,10,5,True,True,True,False,True,True,True,Ipiranga,alta,original,2025,8,30
ChIJFQkmGr1ezpQRfa21d75vY0c,Churrascaria e Pizzaria Anália Franco,"Av. Ver. Abel Ferreira, 40 - Água Rasa, São Paulo - SP, 03340-000, Brazil",Água Rasa,-23.5551453,-46.5760571,(11) 91205-5940,http://www.churrascariaanaliafranco.com.br/,4,14733,2,OPERATIONAL,True,"establishment, food, point_of_interest, restaurant",Monday: 11:30 AM – 11:30 PM | Tuesday: 11:30 AM – 11:30 PM | Wednesday: 11:30 AM – 11:30 PM | Thursday: 11:30 AM – 11:30 PM | Friday: 11:30 AM – 12:00 AM | Saturday: 11:30 AM – 12:00 AM | Sunday: 11:30 AM – 11:00 PM,10,5,True,True,True,False,True,True,True,Água Rasa,alta,original,2025,8,30
ChIJ66Dvp6RgzpQRdLsjPy5Y4So,Habib's,"Av. Antônio Estevão de Carvalho, 1502 - Cidade Patriarca, São Paulo - SP, 03540-100, Brazil",Não Identificado,-23.5281164,-46.5090191,(11) 5696-6000,http://www.habibs.com.br/,3.9,4125,2,OPERATIONAL,True,"establishment, food, point_of_interest, restaurant",Monday: 9:00 AM – 4:00 AM | Tuesday: 9:00 AM – 4:00 AM | Wednesday: 9:00 AM – 4:00 AM | Thursday: 9:00 AM – 4:00 AM | Friday: 9:00 AM – 4:00 AM | Saturday: 9:00 AM – 4:00 AM | Sunday: 9:00 AM – 4:00 AM,10,5,True,True,True,False,True,True,True,,baixa,nao_identificado,2025,8,30
ChIJj9Hd0dVmzpQR3nZEuBQee-A,Habib's Artur Alvim,"Av. Esperantina, 1171 - Artur Alvim, São Paulo - SP, 03692-000, Brazil",Artur Alvim,-23.5351961,-46.4757932,(11) 5696-6000,http://www.habibs.com.br/,3.9,2099,2,OPERATIONAL,True,"establishment, food, point_of_interest, restaurant",Monday: 10:00 AM – 12:00 AM | Tuesday: 10:00 AM – 12:00 AM | Wednesday: 10:00 AM – 12:00 AM | Thursday: 10:00 AM – 12:00 AM | Friday: 10:00 AM – 2:00 AM | Saturday: 10:00 AM – 2:00 AM | Sunday: 10:00 AM – 12:00 AM,10,5,True,True,True,False,True,True,True,Artur Alvim,alta,original,2025,8,30
ChIJ_epMEOf3zpQR5sxAEGTF8xk,Habib's Braz Leme,"Av. Braz Leme, 550 - Casa Verde, São Paulo - SP, 02511-000, Brazil",Casa Verde,-23.5099248,-46.6526556,(11) 5696-6000,http://www.habibs.com.br/,3.8,5726,2,OPERATIONAL,True,"establishment, food, point_of_interest, restaurant",Monday: Open 24 hours | Tuesday: Open 24 hours | Wednesday: Open 24 hours | Thursday: Open 24 hours | Friday: Open 24 hours | Saturday: Open 24 hours | Sunday: Open 24 hours,10,5,True,True,True,False,True,True,True,Casa Verde,alta,original,2025,8,30
ChIJT5q8Of5ZzpQR9cFJdxdge3k,Habib's Afonso Braz,"R. Afonso Braz, 586 - Vila Nova Conceição, São Paulo - SP, 04511-001, Brazil",Não Identificado,-23.5951927,-46.66940899999999,(11) 5696-6000,http://www.habibs.com.br/,3.7,2908,2,OPERATIONAL,True,"establishment, food, point_of_interest, restaurant",Monday: 10:00 AM – 12:00 AM | Tuesday: 10:00 AM – 12:00 AM | Wednesday: 10:00 AM – 12:00 AM | Thursday: 10:00 AM – 12:00 AM | Friday: 10:00 AM – 12:00 AM | Saturday: 10:00 AM – 12:00 AM | Sunday: 10:00 AM – 12:00 AM,10,5,True,True,True,False,True,True,True,Itaim Bibi,média,bairro,2025,8,30
ChIJp0r3anlazpQRshakuxVC_H0,Habib's - Aeroporto,"R. Tamoios, 08 - Jardim Aeroporto, São Paulo - SP, 04630-000, Brazil",Não Identificado,-23.6295748,-46.6669072,(11) 5696-6000,https://www.habibs.com.br/,4.3,5516,2,OPERATIONAL,True,"establishment, food, point_of_interest, restaurant",Monday: 9:00 AM – 4:00 AM | Tuesday: 9:00 AM – 4:00 AM | Wednesday: 9:00 AM – 4:00 AM | Thursday: 9:00 AM – 4:00 AM | Friday: 10:00 AM – 5:00 AM | Saturday: 9:00 AM – 5:00 AM | Sunday: 9:00 AM – 4:00 AM,10,5,True,True,True,N/A,True,True,True,,baixa,nao_identificado,2025,8,30
ChIJA8cjnbZbzpQRXsKlpw41cuU,Esfiha Abraão,"R. João Antônio de Oliveira, 707 - Mooca, São Paulo - SP, 03111-001, Brazil",Móoca,-23.5589843,-46.6052703,(11) 5594-3685,http://www.esfihaabraao.com.br/,4.2,722,2,OPERATIONAL,True,"establishment, food, point_of_interest, restaurant",Monday: Closed | Tuesday: 11:00 AM – 11:00 PM | Wednesday: 11:00 AM – 11:00 PM | Thursday: 11:00 AM – 11:00 PM | Friday: 11:00 AM – 11:00 PM | Saturday: 11:00 AM – 11:00 PM | Sunday: 4:00 – 10:30 PM,10,5,True,True,True,False,True,True,True,Mooca,alta,original,2025,8,30
ChIJzygfbNBXzpQRkUPMtBXAk3s,Habib's - Cerro Corá,"R. Cerro Corá, 307 - Alto da Lapa, São Paulo - SP, 05061-050, Brazil",Lapa,-23.5410911,-46.7000729,(11) 3796-0365,http://www.habibs.com.br/,4.4,4526,2,OPERATIONAL,True,"establishment, food, point_of_interest, restaurant",Monday: 11:00 AM – 11:45 PM | Tuesday: 11:00 AM – 11:45 PM | Wednesday: 11:00 AM – 11:45 PM | Thursday: 11:00 AM – 11:45 PM | Friday: 11:00 AM – 11:45 PM | Saturday: 11:00 AM – 11:45 PM | Sunday: 11:00 AM – 11:45 PM,10,5,True,True,True,False,True,True,True,Lapa,alta,original,2025,8,30
ChIJhZAUpxf2zpQR_YQEK9Llv2w,Habib's Tucuruvi,"Av. Luiz Dumont Villares, 1344 - Parada Inglesa, São Paulo - SP, 02243-000, Brazil",Não Identificado,-23.490637,-46.610177,(11) 5696-6000,http://www.habibs.com.br/,3.9,8299,2,OPERATIONAL,True,"establishment, food, point_of_interest, restaurant",Monday: Open 24 hours | Tuesday: Open 24 hours | Wednesday: Open 24 hours | Thursday: Open 24 hours | Friday: Open 24 hours | Saturday: Open 24 hours | Sunday: Open 24 hours,10,5,True,True,True,False,True,True,True,Tucuruvi,alta,nominatim_reverse,2025,8,30
ChIJrYRYFjj2zpQR0r3qHnz_xvk,Habib's Cantareira,"Av. Nova Cantareira, 363 - Água Fria, São Paulo - SP, 02331-000, Brazil",Não Identificado,-23.4872322,-46.62118530000001,(11) 5696-6000,http://www.habibs.com.br/,3.9,2897,2,OPERATIONAL,True,"establishment, food, point_of_interest, restaurant",Monday: 11:00 AM – 12:00 AM | Tuesday: 11:00 AM – 12:00 AM | Wednesday: 11:00 AM – 12:00 AM | Thursday: 11:00 AM – 12:00 AM | Friday: 11:00 AM – 12:00 AM | Saturday: 11:00 AM – 12:00 AM | Sunday: 11:00 AM – 12:00 AM,10,5,True,True,True,False,True,True,True,Santana,alta,nominatim_reverse,2025,8,30
ChIJfYxg0lZhzpQRQeQ1fW6Jj18,Habib's Imperador,"Av. Imperador, 6238 - Vila Verde, São Paulo - SP, 08050-000, Brazil",Não Identificado,-23.5137924,-46.4440163,N/A,http://www.habibs.com.br/,3.9,3730,2,OPERATIONAL,True,"establishment, food, point_of_interest, restaurant",Monday: 9:00 AM – 4:00 AM | Tuesday: 9:00 AM – 4:00 AM | Wednesday: 9:00 AM – 4:00 AM | Thursday: 9:00 AM – 4:00 AM | Friday: 9:00 AM – 4:00 AM | Saturday: 9:00 AM – 4:00 AM | Sunday: 9:00 AM – 4:00 AM,10,5,True,True,True,False,True,True,True,Itaquera,média,nominatim_reverse,2025,8,30
ChIJX4RkGp9QzpQRDvPGuy0gHTQ,Habib's Vieira de Morais,"R. Vieira de Morais, 832 - Campo Belo, São Paulo - SP, 04617-002, Brazil",Campo Belo,-23.6208069,-46.6737232,(11) 5535-9674,http://www.habibs.com.br/,3.9,3653,2,OPERATIONAL,True,"establishment, food, point_of_interest, restaurant",Monday: 10:00 AM – 12:00 AM | Tuesday: 10:00 AM – 12:00 AM | Wednesday: 10:00 AM – 12:00 AM | Thursday: 10:00 AM – 12:00 AM | Friday: 10:00 AM – 12:00 AM | Saturday: 10:00 AM – 12:00 AM | Sunday: 10:00 AM – 12:00 AM,10,5,True,True,True,N/A,True,True,True,Campo Belo,alta,original,2025,8,30
ChIJBcIZTotnzpQRAVufN6J6pRo,Habib's Satélite,"Av. Satélite, 14165 - Cidade Satelite Santa Barbara, São Paulo - SP, 08330-480, Brazil",Não Identificado,-23.613602,-46.4707612,(11) 5696-6000,http://www.habibs.com.br/,3.9,4311,2,OPERATIONAL,True,"establishment, food, point_of_interest, restaurant",Monday: 11:00 AM – 12:00 AM | Tuesday: 11:00 AM – 12:00 AM | Wednesday: 11:00 AM – 12:00 AM | Thursday: 11:00 AM – 12:00 AM | Friday: 11:00 AM – 3:00 AM | Saturday: 11:00 AM – 3:00 AM | Sunday: 11:00 AM – 12:00 AM,10,5,True,True,True,True,True,True,True,São Rafael,alta,nominatim_reverse,2025,8,30
ChIJ4xb6zT1nzpQRZPPVwArbTdU,Habib's Líder,"Av. Líder, 1 - Itaquera, São Paulo - SP, 03586-000, Brazil",Itaquera,-23.5539973,-46.4912012,(11) 5696-6000,http://www.habibs.com.br/,3.8,3597,2,OPERATIONAL,True,"establishment, food, point_of_interest, restaurant",Monday: 11:00 AM – 2:00 AM | Tuesday: 11:00 AM – 2:00 AM | Wednesday: 11:00 AM – 2:00 AM | Thursday: 11:00 AM – 2:00 AM | Friday: 11:00 AM – 2:00 AM | Saturday: 11:00 AM – 2:00 AM | Sunday: 11:00 AM – 2:00 AM,10,5,True,True,True,False,True,True,True,Itaquera,alta,original,2025,8,30
ChIJEf-5VABZzpQROjpGq6dV7jU,Habib's,"R. Des. Eliseu Guilherme, 8 - Paraíso, São Paulo - SP, 04004-030, Brazil",Sé,-23.5719542,-46.6444551,N/A,https://www.habibs.com.br/,2.3,35,N/A,OPERATIONAL,True,"establishment, food, point_of_interest, restaurant",Monday: 10:00 AM – 10:00 PM | Tuesday: 10:00 AM – 10:00 PM | Wednesday: 10:00 AM – 10:00 PM | Thursday: 10:00 AM – 10:00 PM | Friday: 10:00 AM – 10:00 PM | Saturday: 10:00 AM – 10:00 PM | Sunday: 10:00 AM – 8:30 PM,5,5,True,True,N/A,N/A,N/A,True,True,Sé,alta,original,2025,8,30
ChIJm8EPXSFmzpQRXEw_5PgIyAQ,Habib's Ragueb Choffi,"Av. Ragueb Chohfi, 4240 - Jardim Iguatemi, São Paulo - SP, 08375-000, Brazil",Não Identificado,-23.5949863,-46.444426,(11) 2732-8320,http://www.habibs.com.br/,4,6335,2,OPERATIONAL,True,"establishment, food, point_of_interest, restaurant",Monday: 9:00 AM – 4:00 AM | Tuesday: 9:00 AM – 4:00 AM | Wednesday: 9:00 AM – 4:00 AM | Thursday: 9:00 AM – 4:00 AM | Friday: 9:00 AM – 4:00 AM | Saturday: 9:00 AM – 4:00 AM | Sunday: 9:00 AM – 4:00 AM,10,5,True,True,True,False,True,True,True,,baixa,nao_identificado,2025,8,30
ChIJtyZ4NvJWzpQREBhw73p_e5M,Habib's - Francisco Morato,"Av. Prof. Francisco Morato, 2689 - Butantã, São Paulo - SP, 05513-400, Brazil",Butantã,-23.5868574,-46.7245313,(11) 5696-6000,http://www.habibs.com.br/,3.6,7413,2,OPERATIONAL,True,"establishment, food, point_of_interest, restaurant",Monday: 11:00 AM – 12:00 AM | Tuesday: 11:00 AM – 12:00 AM | Wednesday: 11:00 AM – 12:00 AM | Thursday: 11:00 AM – 12:00 AM | Friday: 11:00 AM – 12:00 AM | Saturday: 11:00 AM – 4:00 AM | Sunday: 11:00 AM – 12:00 AM,10,5,True,True,True,N/A,True,True,True,Butantã,alta,original,2025,8,30
ChIJPfI2-XD4zpQR129AUoyNR5w,Habib's Clélia,"R. Clélia, 1542 - Lapa, São Paulo - SP, 05042-000, Brazil",Lapa,-23.5248123,-46.6975701,(11) 5696-6000,http://www.habibs.com.br/,3.8,2790,2,OPERATIONAL,True,"establishment, food, point_of_interest, restaurant",Monday: 9:30 AM – 1:30 AM | Tuesday: 9:30 AM – 1:30 AM | Wednesday: 9:30 AM – 1:30 AM | Thursday: 9:30 AM – 1:30 AM | Friday: 9:30 AM – 1:30 AM | Saturday: 9:30 AM – 1:30 AM | Sunday: 9:30 AM – 1:30 AM,10,5,True,True,True,N/A,True,True,True,Lapa,alta,original,2025,8,30
ChIJTdoKIFj_zpQR4QyCnzB_jog,Habib's - Corifeu,"Av. Corifeu de Azevedo Marques, 5970 - Jaguaré, São Paulo - SP, 05340-002, Brazil",Jaguaré,-23.5516959,-46.757189,(11) 5696-6000,http://www.habibs.com.br/,3.9,3499,2,OPERATIONAL,True,"establishment, food, point_of_interest, restaurant",Monday: 11:00 AM – 12:00 AM | Tuesday: 11:00 AM – 12:00 AM | Wednesday: 11:00 AM – 12:00 AM | Thursday: 11:00 AM – 12:00 AM | Friday: 11:00 AM – 12:00 AM | Saturday: 11:00 AM – 12:00 AM | Sunday: 11:00 AM – 12:00 AM,10,5,True,True,True,False,True,True,True,Jaguaré,alta,original,2025,8,30
ChIJLRzMBmJWzpQRfqwa5Yac_Tg,Habib's Raposo Tavares,"Azem - R. Azem Abdalla Azem, 2560 - Jardim Bonfiglioli, São Paulo - SP, 05593-090, Brazil",Não Identificado,-23.5807804,-46.73027690000001,(11) 5696-6000,http://www.habibs.com.br/,3.8,6992,2,OPERATIONAL,True,"establishment, food, point_of_interest, restaurant",Monday: 12:00 – 11:30 PM | Tuesday: 11:00 AM – 11:30 PM | Wednesday: 11:00 AM – 11:30 PM | Thursday: 11:00 AM – 11:30 PM | Friday: 11:00 AM – 12:00 AM | Saturday: 11:00 AM – 12:00 AM | Sunday: 11:00 AM – 11:00 PM,10,5,True,True,True,False,True,True,True,,baixa,nao_identificado,2025,8,30
ChIJyWBCd4xWzpQRmIZOOI53TnQ,Habib's Eliseu de Almeida,"Av. Eliseu de Almeida, 2481 - Jardim Adhemar de Barros, São Paulo - SP, 05533-000, Brazil",Sé,-23.5876636,-46.7317782,(11) 3739-2581,https://www.habibs.com.br/,3.7,2943,2,OPERATIONAL,True,"establishment, food, point_of_interest, restaurant",Monday: 11:00 AM – 12:00 AM | Tuesday: 11:00 AM – 12:00 AM | Wednesday: 11:00 AM – 12:00 AM | Thursday: 11:00 AM – 12:00 AM | Friday: 11:00 AM – 12:00 AM | Saturday: 11:00 AM – 12:00 AM | Sunday: 11:00 AM – 12:00 AM,10,5,True,True,True,N/A,True,True,True,Sé,alta,original,2025,8,30
ChIJuUI2AwBXzpQR1e-W_rAhglU,Habibs vila Sônia,"Av. Prof. Francisco Morato - Vila Sonia, São Paulo - SP, 05520-300, Brazil",Não Identificado,-23.6052714,-46.7463061,N/A,N/A,4,2,N/A,OPERATIONAL,N/A,"establishment, food, point_of_interest, restaurant",N/A,0,2,N/A,N/A,N/A,N/A,N/A,N/A,N/A,Vila Sônia,alta,address,2025,8,30
ChIJxxj-SVT4zpQREULSMmrnSLA,Habib's Edgar Facó,"Av. Gen. Edgar Facó, 730 - Freguesia do Ó, São Paulo - SP, 02924-000, Brazil",Freguesia do Ó,-23.4998039,-46.7061983,(11) 94764-5741,http://www.habibs.com.br/,4,5927,2,OPERATIONAL,True,"establishment, food, point_of_interest, restaurant",Monday: 10:00 AM – 4:00 AM | Tuesday: 10:00 AM – 4:00 AM | Wednesday: 10:00 AM – 4:00 AM | Thursday: 10:00 AM – 4:00 AM | Friday: 10:00 AM – 5:00 AM | Saturday: 10:00 AM – 5:00 AM | Sunday: 10:00 AM – 4:00 AM,10,5,True,True,True,False,True,True,True,Freguesia do Ó,alta,original,2025,8,30
ChIJoy44egBRzpQRDTYaZaqsCKw,Habib's Mais Shopping,"R. Amador Bueno, 229 - Santo Amaro, São Paulo - SP, 04752-005, Brazil",Santo Amaro,-23.6530286,-46.7105358,(11) 5696-6000,https://www.habibs.com.br/,2.1,16,2,OPERATIONAL,True,"establishment, food, point_of_interest, restaurant",Monday: 11:00 AM – 10:00 PM | Tuesday: 11:00 AM – 10:00 PM | Wednesday: 11:00 AM – 10:00 PM | Thursday: 11:00 AM – 10:00 PM | Friday: 11:00 AM – 10:00 PM | Saturday: 11:00 AM – 10:00 PM | Sunday: 1:00 – 9:00 PM,3,5,N/A,True,N/A,N/A,N/A,True,True,Santo Amaro,alta,original,2025,8,30
ChIJ2z7fLbtXzpQRuzNX5bupbjo,Habib's,"R. Vupabussu, 22 - Pinheiros, São Paulo - SP, 05429-040, Brazil",Pinheiros,-23.5597591,-46.696804,(11) 3813-1721,http://www.habibs.com.br/,3.7,2168,2,CLOSED_PERMANENTLY,N/A,"establishment, food, point_of_interest, restaurant",N/A,10,5,True,True,True,N/A,N/A,True,N/A,Pinheiros,alta,original,2025,8,30
ChIJi3FBppxXzpQRXkU0V3HUQmQ,Habib's,"R. Teodoro Sampaio, 1145 - Pinheiros, São Paulo - SP, 05400-100, Brazil",Pinheiros,-23.5596851,-46.6807351,(11) 3081-3356,http://www.habibs.com.br/,3.7,2012,2,CLOSED_PERMANENTLY,N/A,"establishment, food, point_of_interest, restaurant",N/A,10,5,True,N/A,True,N/A,N/A,True,N/A,Pinheiros,alta,original,2025,8,30
ChIJ5f04ErZbzpQRzGKVdqo86LI,Esfiha Imigrantes,"Av. Dr. Ricardo Jafet, 3332 - Vila Gumercindo, São Paulo - SP, 04123-020, Brazil",Não Identificado,-23.6037475,-46.626145,(11) 5071-2988,http://www.esfihaimigrantes.com.br/,4.6,31819,2,OPERATIONAL,True,"establishment, food, point_of_interest, restaurant",Monday: 10:00 AM – 12:00 AM | Tuesday: 10:00 AM – 12:00 AM | Wednesday: 10:00 AM – 12:00 AM | Thursday: 10:00 AM – 12:00 AM | Friday: 9:00 AM – 1:00 AM | Saturday: 9:00 AM – 1:00 AM | Sunday: 10:00 AM – 12:00 AM,10,5,True,True,True,False,True,True,True,,baixa,nao_identificado,2025,8,30
ChIJU1PWTk9RzpQRq7puoBcFof0,HABIB'S,"Av. das Nações Unidas, 22540 - Jardim Dom Bosco, São Paulo - SP, 04795-000, Brazil",Não Identificado,-23.6800779,-46.69746060000001,N/A,https://www.habibs.com.br/,2.2,25,2,OPERATIONAL,True,"establishment, food, point_of_interest, restaurant",Monday: 10:00 AM – 10:00 PM | Tuesday: 10:00 AM – 10:00 PM | Wednesday: 10:00 AM – 10:00 PM | Thursday: 10:00 AM – 10:00 PM | Friday: 10:00 AM – 10:00 PM | Saturday: 10:00 AM – 10:00 PM | Sunday: 2:00 – 10:00 PM,8,5,True,True,True,N/A,True,True,True,Campo Grande,média,nominatim_reverse,2025,8,30
ChIJ14MSlkxQzpQR91TJ5-c_fOM,Habib's - Vitor Manzini,"Av. Vítor Manzini, 450 - Santo Amaro, São Paulo - SP, 04745-060, Brazil",Santo Amaro,-23.6623779,-46.7071238,(11) 5696-6000,http://www.habibs.com.br/,3.9,7046,2,OPERATIONAL,True,"establishment, food, meal_delivery, point_of_interest, restaurant",Monday: 11:00 AM – 12:00 AM | Tuesday: 11:00 AM – 12:00 AM | Wednesday: 11:00 AM – 12:00 AM | Thursday: 11:00 AM – 12:00 AM | Friday: 11:00 AM – 12:00 AM | Saturday: 11:00 AM – 12:00 AM | Sunday: 11:00 AM – 12:00 AM,10,5,True,True,True,False,True,True,True,Santo Amaro,alta,original,2025,8,30
ChIJYVVhRXRUzpQR-0Y3HiKKC-E,Habib's - Campo Limpo,"Estr. do Campo Limpo, 3700 - Vila Prel, São Paulo - SP, 05777-000, Brazil",Campo Limpo,-23.6302691,-46.7700653,(11) 5841-7369,http://www.habibs.com.br/,3.9,9021,2,OPERATIONAL,True,"establishment, food, point_of_interest, restaurant",Monday: Open 24 hours | Tuesday: Open 24 hours | Wednesday: Open 24 hours | Thursday: Open 24 hours | Friday: Open 24 hours | Saturday: Open 24 hours | Sunday: Open 24 hours,10,5,True,True,True,True,True,True,True,Campo Limpo,alta,original,2025,8,30
ChIJV5BFNRP5zpQRLBeWFJvl7h4,Habib's Pirituba,"Av. Raimundo Pereira de Magalhães, 5574 - Vila Pirituba, São Paulo - SP, 02938-000, Brazil",Pirituba,-23.4830588,-46.7223503,(11) 5696-6000,http://www.habibs.com.br/,3.9,6577,2,OPERATIONAL,True,"establishment, food, point_of_interest, restaurant",Monday: Open 24 hours | Tuesday: Open 24 hours | Wednesday: Open 24 hours | Thursday: Open 24 hours | Friday: Open 24 hours | Saturday: Open 24 hours | Sunday: Open 24 hours,10,5,True,True,True,False,True,True,True,Pirituba,alta,original,2025,8,30
ChIJiRuphExRzpQRPUdCkUr9p4M,Habib's - Giovanni Gronchi,"Av. Giovanni Gronchi, 5091 - Vila Andrade, São Paulo - SP, 05724-003, Brazil",Vila Andrade,-23.6243057,-46.7336395,(11) 5696-6000,http://www.habibs.com.br/,3.9,4177,2,OPERATIONAL,True,"establishment, food, point_of_interest, restaurant",Monday: 11:00 AM – 2:00 AM | Tuesday: 11:00 AM – 2:00 AM | Wednesday: 11:00 AM – 2:00 AM | Thursday: 11:00 AM – 2:00 AM | Friday: 11:00 AM – 2:00 AM | Saturday: 11:00 AM – 2:00 AM | Sunday: 11:00 AM – 2:00 AM,10,5,True,True,True,False,True,True,True,Vila Andrade,alta,original,2025,8,30
ChIJh88Vzh9QzpQRi6Ivom8f7Nc,Habib's Interlagos,"Av. Interlagos, 3504 - Campo Grande, São Paulo - SP, 04660-006, Brazil",Campo Grande,-23.6804352,-46.6878586,(11) 5632-0637,http://www.habibs.com.br/,3.9,6460,2,OPERATIONAL,True,"establishment, food, point_of_interest, restaurant",Monday: 9:00 AM – 4:00 AM | Tuesday: 9:00 AM – 4:00 AM | Wednesday: 9:00 AM – 4:00 AM | Thursday: 9:00 AM – 4:00 AM | Friday: 9:00 AM – 4:00 AM | Saturday: 9:00 AM – 4:00 AM | Sunday: 9:00 AM – 4:00 AM,10,5,True,True,True,False,True,True,True,Campo Grande,alta,original,2025,8,30
ChIJDX9TjcZTzpQRopaMPoS77H4,Habib's,"Estr. de Itapecerica, 3516 - Vila Dantas, São Paulo - SP, 05835-004, Brazil",Não Identificado,-23.656538,-46.7636833,(11) 94724-1661,https://www.habibs.com.br/,3.9,7826,2,OPERATIONAL,True,"establishment, food, point_of_interest, restaurant",Monday: 11:00 AM – 2:00 AM | Tuesday: 11:00 AM – 2:00 AM | Wednesday: 11:00 AM – 2:00 AM | Thursday: 11:00 AM – 2:00 AM | Friday: 11:00 AM – 2:00 AM | Saturday: 11:00 AM – 2:00 AM | Sunday: 11:00 AM – 2:00 AM,10,5,True,True,True,False,True,True,True,Capão Redondo,alta,nominatim_reverse,2025,8,30
ChIJGwVHuUpXzpQRyH3Rzl2beKc,Aussie Grill,"Av. Rebouças, 3970 - 2º Subsolo - Pinheiros, São Paulo - SP, 05402-600, Brazil",Pinheiros,-23.5728629,-46.6956605,(11) 5043-0396,https://www.aussiegrillbr.com.br/,3.8,158,N/A,OPERATIONAL,True,"establishment, food, point_of_interest, restaurant",Monday: 11:00 AM – 10:00 PM | Tuesday: 11:00 AM – 10:00 PM | Wednesday: 11:00 AM – 10:00 PM | Thursday: 11:00 AM – 10:00 PM | Friday: 11:00 AM – 11:00 PM | Saturday: 11:00 AM – 11:00 PM | Sunday: 11:00 AM – 10:00 PM,10,5,True,True,True,N/A,True,True,True,Pinheiros,alta,original,2025,8,30
ChIJnV7MN6dbzpQRUYHfZAyBZtg,Jamil Esfihas,"R. Quisisana, 12 - Jardim da Saúde, São Paulo - SP, 04149-000, Brazil",Saúde,-23.617489,-46.61790999999999,(11) 5058-2223,http://www.jamilesfihas.com.br/,4.5,2990,2,OPERATIONAL,True,"establishment, food, meal_takeaway, point_of_interest, restaurant",Monday: 9:00 AM – 10:30 PM | Tuesday: 9:00 AM – 10:30 PM | Wednesday: 9:00 AM – 10:30 PM | Thursday: 9:00 AM – 10:30 PM | Friday: 9:00 AM – 10:30 PM | Saturday: 9:00 AM – 10:30 PM | Sunday: Closed,10,5,True,True,True,N/A,True,True,True,Cursino,alta,nominatim_reverse,2025,8,30
ChIJ6ZajqGL3zpQR4ej6viIEajU,Habib's Itaberaba,"Av. Itaberaba, 5015 - Vila Nova Cachoeirinha, São Paulo - SP, 02739-000, Brazil",Cachoeirinha,-23.4740169,-46.6704817,(11) 5696-6000,http://www.habibs.com.br/,3.8,6022,2,OPERATIONAL,True,"establishment, food, point_of_interest, restaurant",Monday: Open 24 hours | Tuesday: Open 24 hours | Wednesday: Open 24 hours | Thursday: Open 24 hours | Friday: Open 24 hours | Saturday: Open 24 hours | Sunday: Open 24 hours,10,5,True,True,True,False,True,True,True,Cachoeirinha,alta,original,2025,8,30
ChIJiSMaM91TzpQRGtaebnAgUfs,Habib's - Shopping Campo Limpo,"Estr. do Campo Limpo, 459 - Loja 116/117 - Vila Prel, São Paulo - SP, 05777-001, Brazil",Campo Limpo,-23.6487345,-46.7574805,(11) 5696-6000,https://www.habibs.com.br/,4,2838,2,OPERATIONAL,True,"establishment, food, point_of_interest, restaurant",Monday: 10:00 AM – 10:00 PM | Tuesday: 10:00 AM – 10:00 PM | Wednesday: 10:00 AM – 10:00 PM | Thursday: 10:00 AM – 10:00 PM | Friday: 10:00 AM – 10:00 PM | Saturday: 10:00 AM – 10:00 PM | Sunday: 10:00 AM – 10:00 PM,10,5,True,True,True,N/A,True,True,True,Campo Limpo,alta,original,2025,8,30
ChIJYfWuMO5bzpQR0UzPkFPHl9c,O Beirute Esfiharia e Restaurante,"R. Agostinho Gomes, 2013 - Ipiranga, São Paulo - SP, 04206-001, Brazil",Ipiranga,-23.5881424,-46.6038664,(11) 2215-7170,http://www.obeiruteipiranga.com.br/,4.1,1504,2,OPERATIONAL,True,"establishment, food, point_of_interest, restaurant",Monday: Closed | Tuesday: 12:00 – 11:00 PM | Wednesday: 12:00 – 11:00 PM | Thursday: 12:00 – 11:00 PM | Friday: 12:00 – 11:30 PM | Saturday: 12:00 – 11:30 PM | Sunday: 12:00 – 11:00 PM,10,5,True,True,True,False,True,True,True,Ipiranga,alta,original,2025,8,30
ChIJMU9bvNZQzpQR8Nt2o6kCsQs,Escritório Central Habib's / Sarah,"R. Min. Nelson Hungria, 90 - Vila Tramontano, São Paulo - SP, 05690-050, Brazil",Não Identificado,-23.616566,-46.7053351,(11) 98466-0337,https://www.habibs.com.br/SarahMyFofah,4.5,461,N/A,OPERATIONAL,False,"establishment, food, point_of_interest, restaurant",Monday: 8:00 AM – 6:00 PM | Tuesday: 8:00 AM – 6:00 PM | Wednesday: 8:00 AM – 6:00 PM | Thursday: 8:00 AM – 6:00 PM | Friday: 8:00 AM – 6:00 PM | Saturday: Closed | Sunday: Closed,10,5,N/A,N/A,N/A,N/A,N/A,N/A,True,Morumbi,média,nominatim_reverse,2025,8,30
ChIJs7_4HOxazpQRtf9b3vdFU9I,Fiorino Grill - Self-Service Kg e Rodízio de Pizza,"Av. Eng. Armando de Arruda Pereira, 1071 - Vila Guarani, São Paulo - SP, 04311-001, Brazil",Não Identificado,-23.6368527,-46.6410843,(11) 5011-9947,http://www.fiorinogrill.com.br/,4.4,9484,2,OPERATIONAL,True,"establishment, food, point_of_interest, restaurant",Monday: 10:00 AM – 3:00 PM | Tuesday: 10:00 AM – 10:00 PM | Wednesday: 10:00 AM – 10:00 PM | Thursday: 10:00 AM – 10:00 PM | Friday: 10:00 AM – 11:00 PM | Saturday: 10:00 AM – 11:00 PM | Sunday: 10:00 AM – 4:00 PM,10,5,True,True,True,False,True,True,True,,baixa,nao_identificado,2025,8,30
ChIJZRNExyBSzpQRpjUFWR1u9O0,Habib's M Boi Mirim,"Estrada do M'Boi Mirim - Parque, 1707 - Jardim Figueira Grande, São Paulo - SP, 04905-028, Brazil",Não Identificado,-23.6753074,-46.74827920000001,(11) 5514-1765,http://www.habibs.com.br/,3.6,7484,2,OPERATIONAL,True,"establishment, food, point_of_interest, restaurant",Monday: 9:00 AM – 2:00 AM | Tuesday: 11:00 AM – 2:00 AM | Wednesday: 11:00 AM – 2:00 AM | Thursday: 11:00 AM – 2:00 AM | Friday: 11:00 AM – 4:00 AM | Saturday: 11:00 AM – 4:00 AM | Sunday: 11:00 AM – 2:00 AM,10,5,True,True,True,False,True,True,True,Jardim São Luís,média,nominatim_reverse,2025,8,30
ChIJ29xHr69mzpQRPOkKwB8Hwi8,Habib's Shopping Itaquera,"Av. José Pinheiro Borges, S/N - Vila Campanela, São Paulo - SP, 08220-385, Brazil",Sé,-23.54064,-46.4688785,(11) 5696-6000,http://www.habibs.com.br/,4.1,2205,2,OPERATIONAL,True,"establishment, food, point_of_interest, restaurant",Monday: 10:00 AM – 10:30 PM | Tuesday: 10:00 AM – 10:30 PM | Wednesday: 10:00 AM – 10:30 PM | Thursday: 10:00 AM – 10:30 PM | Friday: 10:00 AM – 10:30 PM | Saturday: 10:00 AM – 10:30 PM | Sunday: 10:00 AM – 10:30 PM,10,5,True,True,True,N/A,True,True,True,Sé,alta,original,2025,8,30
ChIJ1_Nc5N9PzpQRQsHC3E1CulM,Habib's Shopping Interlagos,"Avenida Interlagos, 2255, Jardim Umuarama - Interlagos, São Paulo - SP, 04661-200, Brazil",Não Identificado,-23.6773504,-46.6768899,(11) 5696-6000,https://www1.habibs.com.br/,4.5,5172,2,OPERATIONAL,True,"establishment, food, point_of_interest, restaurant",Monday: 10:00 AM – 10:00 PM | Tuesday: 10:00 AM – 10:00 PM | Wednesday: 10:00 AM – 10:00 PM | Thursday: 10:00 AM – 10:00 PM | Friday: 10:00 AM – 10:00 PM | Saturday: 10:00 AM – 10:00 PM | Sunday: 10:00 AM – 10:00 PM,10,5,True,True,True,False,True,True,True,,baixa,nao_identificado,2025,8,30
ChIJkVIbEiNFzpQRpDwmwrCmsFs,Habib's Cupecê,"Av. Cupecê, 5300 - Jardim Miriam, São Paulo - SP, 04366-001, Brazil",Não Identificado,-23.6800761,-46.6398046,(11) 5696-6000,http://www.habibs.com.br/,3.9,5951,2,OPERATIONAL,True,"establishment, food, point_of_interest, restaurant",Monday: Open 24 hours | Tuesday: Open 24 hours | Wednesday: Open 24 hours | Thursday: Open 24 hours | Friday: Open 24 hours | Saturday: Open 24 hours | Sunday: Open 24 hours,10,5,True,True,True,True,True,True,True,,baixa,nao_identificado,2025,8,30
ChIJYf18cVJFzpQRc8sO8nhmRYQ,Habib’s Yervant,"Av. Yervant Kissajikian, 1969 - Americanópolis, São Paulo - SP, 04428-010, Brazil",Não Identificado,-23.6749724,-46.6613487,(11) 5696-6000,http://www.deliveryhabibs.com.br/,3.9,3417,2,OPERATIONAL,True,"establishment, food, meal_delivery, point_of_interest, restaurant",Monday: 10:00 AM – 2:00 AM | Tuesday: 10:00 AM – 2:00 AM | Wednesday: 10:00 AM – 2:00 AM | Thursday: 10:00 AM – 2:00 AM | Friday: 10:00 AM – 4:00 AM | Saturday: 10:00 AM – 4:00 AM | Sunday: 10:00 AM – 4:00 AM,10,5,True,True,True,False,True,True,True,Cidade Ademar,média,nominatim_reverse,2025,8,30
ChIJ5fp1JW9nzpQRMgAz711_H1g,Habib's,"Av. Aricanduva, 5555 - Jardim Marília, São Paulo - SP, 03527-000, Brazil",Aricanduva,-23.5651203,-46.503161,(11) 3444-2298,http://www.habibs.com.br/,4.1,4791,2,CLOSED_PERMANENTLY,N/A,"establishment, food, point_of_interest, restaurant",N/A,10,5,True,N/A,True,N/A,True,True,N/A,Aricanduva,alta,original,2025,8,30
ChIJXbrGqPhYzpQRRDifwwxgs5U,Raful Cozinha Árabe - 25 de Março,"R. Comendador Abdo Schahin, 118 - Centro Histórico de São Paulo, São Paulo - SP, 01023-050, Brazil",Centro,-23.5431919,-46.6318702,(11) 3229-8406,http://www.raful.com.br/,4.6,8916,2,OPERATIONAL,False,"establishment, food, point_of_interest, restaurant",Monday: 8:00 AM – 5:00 PM | Tuesday: 8:00 AM – 5:00 PM | Wednesday: 8:00 AM – 5:00 PM | Thursday: 8:00 AM – 5:00 PM | Friday: 8:00 AM – 5:00 PM | Saturday: 8:00 AM – 4:00 PM | Sunday: Closed,10,5,N/A,True,True,True,N/A,True,True,,baixa,nao_identificado,2025,8,30
ChIJzV2B8zRYzpQRqXYE6oh9SZg,The Kebab's | Kebab's & Esfihas,"R. Dr. Penaforte Mendes, 171 - Bela Vista, São Paulo - SP, 01308-010, Brazil",Bela Vista,-23.5544977,-46.6518369,(11) 99297-5239,http://www.thekebabstime.com.br/,4.1,2175,1,OPERATIONAL,True,"establishment, food, meal_delivery, point_of_interest, restaurant",Monday: 10:30 AM – 2:00 AM | Tuesday: 10:30 AM – 2:00 AM | Wednesday: 10:30 AM – 2:00 AM | Thursday: 10:30 AM – 2:00 AM | Friday: 10:30 AM – 2:00 AM | Saturday: 10:30 AM – 2:00 AM | Sunday: 10:30 AM – 1:00 AM,10,5,True,True,True,False,True,True,True,Bela Vista,alta,original,2025,8,30
ChIJI-rYe71ZzpQRVD1Agi05pyY,Habib's,"R. Treze de Maio, 1921 - Paraíso, São Paulo - SP, 01327-001, Brazil",Não Identificado,-23.5700436,-46.6436771,(11) 3141-0851,http://www.habibs.com.br,2.8,22,N/A,CLOSED_PERMANENTLY,N/A,"establishment, food, point_of_interest, restaurant",N/A,0,5,N/A,N/A,N/A,N/A,N/A,True,N/A,Vila Mariana,média,bairro,2025,8,30
ChIJ4SLOwCb0zpQRnq7gr4pXC7Q,Habib's - Tremembé 2,"Av. Antonelo da Messina, 1646 - Sítio do Piqueri, São Paulo - SP, 02318-000, Brazil",Não Identificado,-23.4430591,-46.5897493,(11) 5696-6000,https://www.habibs.com.br/,4,2160,2,OPERATIONAL,True,"establishment, food, meal_delivery, point_of_interest, restaurant",Monday: 11:00 AM – 11:00 PM | Tuesday: 11:00 AM – 11:00 PM | Wednesday: 11:00 AM – 11:00 PM | Thursday: 11:00 AM – 11:00 PM | Friday: 11:00 AM – 11:00 PM | Saturday: 11:00 AM – 11:00 PM | Sunday: 11:00 AM – 11:00 PM,10,5,True,True,True,False,True,True,True,,baixa,nao_identificado,2025,8,30
ChIJ8VpWi8lezpQRxXu8Xh8sLus,Habib's,"R. Tobias Barreto, 964 - Mooca, São Paulo - SP, 03176-001, Brazil",Móoca,-23.5500838,-46.5881816,(11) 2606-0499,http://www.habibs.com.br/,3.5,22,N/A,CLOSED_PERMANENTLY,N/A,"establishment, food, point_of_interest, restaurant",N/A,3,5,N/A,True,N/A,N/A,N/A,N/A,N/A,Mooca,alta,original,2025,8,30
ChIJR6szNlBYzpQR5T7vfN93wqo,Habib's,"Av. Rio Branco, 199 - República, São Paulo - SP, 01202-000, Brazil",República,-23.5411909,-46.6392904,N/A,http://www.habibs.com.br/,3.7,3425,2,CLOSED_PERMANENTLY,N/A,"establishment, food, point_of_interest, restaurant",N/A,10,5,True,N/A,True,N/A,N/A,True,True,República,alta,original,2025,8,30
ChIJRT7Khzr5zpQR7NdnGnqmzfk,Habibi Shawarma,"R. São Leonardo, 32 - Freguesia do Ó, São Paulo - SP, 02803-000, Brazil",Freguesia do Ó,-23.4851754,-46.6921152,(11) 97379-6868,https://instagram.com/habibishawarma_?igshid=MzRlODBiNWFlZA==,4.8,76,N/A,OPERATIONAL,True,"establishment, food, point_of_interest, restaurant",Monday: Closed | Tuesday: 12:00 – 10:00 PM | Wednesday: 12:00 – 10:00 PM | Thursday: 12:00 – 10:00 PM | Friday: 12:00 – 10:30 PM | Saturday: 12:00 – 10:00 PM | Sunday: Closed,10,5,True,True,True,N/A,True,True,N/A,Freguesia do Ó,alta,original,2025,8,30
ChIJs6eQRHtZzpQRSuJkzIASdnI,Damasco Delivery,"R. Basílio da Cunha, 601 - Vila Deodoro, São Paulo - SP, 01544-001, Brazil",Não Identificado,-23.5768361,-46.6218527,(11) 2591-2724,http://damascodelivery.com.br/,4.4,552,N/A,OPERATIONAL,True,"establishment, food, meal_delivery, point_of_interest, restaurant",Monday: Closed | Tuesday: 6:00 – 10:00 PM | Wednesday: 6:00 – 10:00 PM | Thursday: 6:00 – 10:00 PM | Friday: 6:00 – 10:00 PM | Saturday: 6:00 – 10:00 PM | Sunday: 6:00 – 10:00 PM,10,5,True,True,True,N/A,True,False,True,Cambuci,alta,nominatim_reverse,2025,8,30
ChIJeZGru3xZzpQRTeADINK94_g,Estação Cambuci Restaurante,"R. Cel. Diogo, 500 - Jardim da Gloria, São Paulo - SP, 01545-000, Brazil",Não Identificado,-23.5784633,-46.6230315,(11) 2476-5060,https://www.instagram.com/restauranteestacaocambuci/,4.4,1068,2,OPERATIONAL,False,"establishment, food, point_of_interest, restaurant",Monday: 11:30 AM – 3:00 PM | Tuesday: 11:30 AM – 3:00 PM | Wednesday: 11:30 AM – 3:00 PM | Thursday: 11:30 AM – 3:00 PM | Friday: 11:30 AM – 3:00 PM | Saturday: 12:00 – 4:00 PM | Sunday: Closed,10,5,True,True,True,False,True,True,True,Vila Mariana,alta,nominatim_reverse,2025,8,30
ChIJxf5xxGRZzpQRQF6gPlMbfW0,Zezinho Hamburgueria,"R. Heitor Peixoto, 466 - Cambuci, São Paulo - SP, 01543-001, Brazil",Cambuci,-23.5754165,-46.6227996,(11) 3271-3651,https://www.instagram.com/zezinho_hamburgueria/,4.5,1295,2,OPERATIONAL,True,"establishment, food, meal_takeaway, point_of_interest, restaurant",Monday: 11:00 AM – 11:30 PM | Tuesday: 11:00 AM – 11:30 PM | Wednesday: 11:00 AM – 11:30 PM | Thursday: 11:00 AM – 11:30 PM | Friday: 11:00 AM – 11:45 PM | Saturday: 11:00 AM – 11:45 PM | Sunday: 6:00 – 11:45 PM,10,5,True,True,True,False,True,True,True,Cambuci,alta,original,2025,8,30
ChIJce8KIHtZzpQRPyw2-aEELsE,Casa da Esfiha,"Av. Lins de Vasconcelos, 1364 - Cambuci, São Paulo - SP, 01538-001, Brazil",Cambuci,-23.5753132,-46.6234315,(11) 3277-7487,N/A,4.3,700,1,OPERATIONAL,True,"bar, establishment, food, meal_takeaway, point_of_interest, restaurant",Monday: Closed | Tuesday: 10:00 AM – 11:00 PM | Wednesday: 10:00 AM – 11:00 PM | Thursday: 10:00 AM – 11:00 PM | Friday: 10:00 AM – 11:00 PM | Saturday: 12:00 – 11:00 PM | Sunday: 12:00 – 11:00 PM,10,5,N/A,True,N/A,N/A,True,True,N/A,Cambuci,alta,original,2025,8,30
ChIJqRzWUTRazpQRRh8zGWFFY_M,Esfiharia k97 Vila Mariana,"R. Afonso Celso, 1267 - Vila Mariana, São Paulo - SP, 04119-061, Brazil",Vila Maria,-23.6027295,-46.6349356,(11) 94890-1061,https://www.ifood.com.br/delivery/sao-paulo-sp/esfiharia-k97-vila-mariana-vila-mariana/204498e0-a596-4f55-8c61-73776991adc7,4.2,93,N/A,OPERATIONAL,True,"establishment, food, point_of_interest, restaurant",Monday: 6:00 AM – 10:00 PM | Tuesday: 6:00 AM – 10:00 PM | Wednesday: 6:00 AM – 10:00 PM | Thursday: 6:00 AM – 10:00 PM | Friday: 6:00 AM – 10:00 PM | Saturday: 6:00 AM – 10:00 PM | Sunday: 6:00 AM – 10:00 PM,10,5,True,True,True,N/A,N/A,True,N/A,Vila Maria,alta,original,2025,8,30
ChIJw6kS4HZbzpQRprO0BzZhgLo,Esfiha Vergueiro,"Rua Vergueiro, 8926 - Vila Vera, São Paulo - SP, 04272-300, Brazil",Não Identificado,-23.6179545,-46.6054833,(11) 2969-6310,https://esfihavergueiro.com.br/,4.5,4243,2,OPERATIONAL,True,"establishment, food, point_of_interest, restaurant",Monday: Closed | Tuesday: 9:30 AM – 11:30 PM | Wednesday: 9:30 AM – 11:30 PM | Thursday: 9:30 AM – 11:30 PM | Friday: 9:30 AM – 11:30 PM | Saturday: 9:30 AM – 11:30 PM | Sunday: 9:30 AM – 11:30 PM,10,5,True,True,True,True,True,True,True,Sacomã,alta,nominatim_reverse,2025,8,30
ChIJ3btfbi1JzpQRDo_wxgeu-PM,Habib's Teotônio Vilela,"Av. Sen. Teotônio Vilela, 8300 - Jardim Casa Grande, São Paulo - SP, 04858-002, Brazil",Sé,-23.7687855,-46.71783139999999,(11) 5696-6000,http://www.habibs.com.br/,4,5545,2,OPERATIONAL,True,"establishment, food, point_of_interest, restaurant",Monday: 11:00 AM – 12:00 AM | Tuesday: 11:00 AM – 12:00 AM | Wednesday: 11:00 AM – 12:00 AM | Thursday: 11:00 AM – 12:00 AM | Friday: 11:00 AM – 12:00 AM | Saturday: 11:00 AM – 12:00 AM | Sunday: 11:00 AM – 12:00 AM,10,5,True,True,True,N/A,True,True,True,Sé,alta,original,2025,8,30
ChIJ09S9X5ZbzpQR6HISh5wiUwo,K97 Esfiha & Pizza,"Rua Guairá, 172 - Vila da Saúde, São Paulo - SP, 04142-020, Brazil",Saúde,-23.6118498,-46.6319353,(11) 93332-0111,N/A,3.4,56,N/A,OPERATIONAL,True,"establishment, food, point_of_interest, restaurant",Monday: 5:00 – 11:00 PM | Tuesday: 5:00 – 11:00 PM | Wednesday: 5:00 – 11:00 PM | Thursday: 5:00 – 11:00 PM | Friday: 5:00 – 11:00 PM | Saturday: 5:00 – 11:00 PM | Sunday: 5:00 – 11:00 PM,4,5,True,True,True,N/A,N/A,N/A,N/A,,baixa,nao_identificado,2025,8,30
ChIJEzpz42P3zpQRWYGv1KfIU_4,Habib's Shopping Metro Tucuruvi (Quiosque),"R. Paranabi, 218-224 - Tucuruvi, São Paulo - SP, 02307-120, Brazil",Tucuruvi,-23.4811647,-46.6039593,(11) 5695-6000,https://www.habibs.com.br/,4.5,4,2,OPERATIONAL,True,"establishment, food, point_of_interest, restaurant",Monday: 8:00 AM – 10:00 PM | Tuesday: 8:00 AM – 10:00 PM | Wednesday: 8:00 AM – 10:00 PM | Thursday: 8:00 AM – 10:00 PM | Friday: 8:00 AM – 10:00 PM | Saturday: 8:00 AM – 10:00 PM | Sunday: 9:00 AM – 10:00 PM,1,4,False,True,True,N/A,N/A,N/A,True,Tucuruvi,alta,original,2025,8,30
ChIJ6TaPnX1hzpQRuNjQE8ua8Og,Central das Esfihas - Cangaiba,"Av. Cangaíba, 1064 - Cangaiba, São Paulo - SP, 03727-050, Brazil",Cangaíba,-23.5113231,-46.5435293,(11) 2478-5222,https://encurtador.com.br/ahO6b,4,608,1,OPERATIONAL,True,"establishment, food, meal_delivery, meal_takeaway, point_of_interest, restaurant",Monday: 11:00 AM – 4:00 AM | Tuesday: 11:00 AM – 4:00 AM | Wednesday: 11:00 AM – 4:00 AM | Thursday: 11:00 AM – 4:00 AM | Friday: 11:00 AM – 4:00 AM | Saturday: 11:00 AM – 4:00 AM | Sunday: 11:00 AM – 4:00 AM,10,5,True,True,True,N/A,True,True,True,Cangaíba,alta,original,2025,8,30
ChIJC0Nmys5fzpQRWxukMjJeSQ0,Ponto da Esfiha Cangaíba,"Av. Cangaíba, 2620 - Cangaiba, São Paulo - SP, 03712-002, Brazil",Cangaíba,-23.5062054,-46.530461,(11) 2308-8698,https://pecangaiba.byappfood.com.br/,4.2,944,1,OPERATIONAL,True,"establishment, food, meal_takeaway, point_of_interest, restaurant",Monday: 8:00 AM – 11:30 PM | Tuesday: 8:00 AM – 11:30 PM | Wednesday: 8:00 AM – 11:30 PM | Thursday: 8:00 AM – 11:30 PM | Friday: 8:00 AM – 11:30 PM | Saturday: 8:00 AM – 11:30 PM | Sunday: 8:00 AM – 11:30 PM,10,5,True,True,True,True,False,True,N/A,Cangaíba,alta,original,2025,8,30
ChIJ48NL6BhnzpQRkVAQidB12Ig,Habib's Itapitanga,"Av. Itaquera, 6904 - Vila Carmosina, São Paulo - SP, 08295-000, Brazil",Itaquera,-23.5504057,-46.4619764,(11) 5696-6000,http://www.habibs.com.br/,4,4097,2,OPERATIONAL,True,"establishment, food, point_of_interest, restaurant",Monday: 11:00 AM – 12:00 AM | Tuesday: 11:00 AM – 12:00 AM | Wednesday: 11:00 AM – 12:00 AM | Thursday: 11:00 AM – 12:00 AM | Friday: 11:00 AM – 2:00 AM | Saturday: 11:00 AM – 2:00 AM | Sunday: 11:00 AM – 2:00 AM,10,5,True,True,True,N/A,True,True,True,Itaquera,alta,original,2025,8,30
ChIJiyCe2k1ezpQRyIUgcvINYQg,Restaurante Exclusivo,"Av. Cangaíba, 3336 - Cangaiba, São Paulo - SP, 03712-000, Brazil",Cangaíba,-23.5049851,-46.5125956,(11) 2309-9317,https://restauranteexclusivo.saipos.com/home,4.2,223,2,OPERATIONAL,True,"establishment, food, meal_delivery, point_of_interest, restaurant","Monday: 11:00 AM – 4:00 PM, 6:00 – 11:30 PM | Tuesday: 6:00 – 11:30 PM | Wednesday: 11:00 AM – 4:00 PM, 6:00 – 11:00 PM | Thursday: 11:00 AM – 4:00 PM, 6:00 – 11:30 PM | Friday: 11:00 AM – 4:00 PM, 6:00 – 11:30 PM | Saturday: 11:00 AM – 4:00 PM, 6:00 – 11:30 PM | Sunday: 11:00 AM – 4:00 PM, 6:00 – 11:30 PM",10,5,True,True,True,N/A,True,True,True,Cangaíba,alta,original,2025,8,30
ChIJuxujV71mzpQRV-F5buvb-p4,Habib's Jacu Pêssego 1,"Av. Jacu-Pêssego, 1635 - Jardim Helian, São Paulo - SP, 08270-000, Brazil",Sé,-23.5729425,-46.4463842,(11) 2522-3895,http://www.habibs.com.br/,3.6,5385,2,OPERATIONAL,True,"establishment, food, point_of_interest, restaurant",Monday: 9:00 AM – 2:00 AM | Tuesday: 9:00 AM – 2:00 AM | Wednesday: 9:00 AM – 2:00 AM | Thursday: 9:00 AM – 2:00 AM | Friday: 9:00 AM – 2:00 AM | Saturday: 9:00 AM – 2:00 AM | Sunday: 9:00 AM – 2:00 AM,10,5,True,True,True,False,True,True,True,Sé,alta,original,2025,8,30
ChIJv39HqElazpQROg3fupxE1RQ,Esfiha El Farã,"R. Oriçanga, 158 - Mirandópolis, São Paulo - SP, 04052-030, Brazil",Não Identificado,-23.6091281,-46.6386152,(11) 5585-1193,https://linktr.ee/elfaraesfihas,4.2,268,1,OPERATIONAL,True,"establishment, food, meal_takeaway, point_of_interest, restaurant",Monday: 11:00 AM – 10:30 PM | Tuesday: 11:00 AM – 10:30 PM | Wednesday: 11:00 AM – 10:30 PM | Thursday: 11:00 AM – 10:30 PM | Friday: 11:00 AM – 10:30 PM | Saturday: 11:00 AM – 10:30 PM | Sunday: 6:45 – 10:45 PM,10,5,True,True,True,N/A,True,N/A,True,Saúde,média,bairro,2025,8,30
ChIJ21gGA7NfzpQR55Vkdw-2iJs,Ragazzo! Tiquatira,"Av. Governador Carvalho Pinto, 748 - Vila Sao Geraldo, São Paulo - SP, 03601-000, Brazil",Não Identificado,-23.5145359,-46.5425224,(11) 2737-4486,https://www1.deliveryragazzo.com.br/,3.7,6976,1,CLOSED_TEMPORARILY,N/A,"establishment, food, point_of_interest, restaurant",N/A,10,5,True,True,True,False,True,True,True,,baixa,nao_identificado,2025,8,30
ChIJhfwGUMpfzpQRhCxNkQD0x4o,Pizzaria JB,"Rua Júlio Marcelino de Faria, 151 - Chácara Cruzeiro do Sul, São Paulo - SP, 03712-000, Brazil",Não Identificado,-23.5101991,-46.5330039,(11) 2641-1988,https://www.pizzariajb.com.br/,4.4,263,2,OPERATIONAL,True,"establishment, food, point_of_interest, restaurant",Monday: 6:00 – 11:35 PM | Tuesday: Closed | Wednesday: 6:00 – 11:35 PM | Thursday: 6:00 – 11:35 PM | Friday: 6:00 – 11:35 PM | Saturday: 6:00 – 11:35 PM | Sunday: 6:00 – 11:35 PM,10,5,True,N/A,True,False,False,False,True,,baixa,nao_identificado,2025,8,30
ChIJ51vwtYlezpQRfNL4xHbWdAU,Coco Bambu,"R. Azevedo Soares, 2150 - Jardim Analia Franco, São Paulo - SP, 03322-002, Brazil",Não Identificado,-23.5471799,-46.55602710000001,(11) 4304-6221,http://cocobambu.com/,4.7,33982,3,OPERATIONAL,True,"establishment, food, point_of_interest, restaurant",Monday: 11:00 AM – 11:00 PM | Tuesday: 11:00 AM – 11:00 PM | Wednesday: 11:00 AM – 11:00 PM | Thursday: 11:00 AM – 12:00 AM | Friday: 11:00 AM – 12:00 AM | Saturday: 11:00 AM – 12:00 AM | Sunday: 11:00 AM – 11:00 PM,10,5,True,True,True,False,True,True,True,,baixa,nao_identificado,2025,8,30
ChIJ652CzRFPzpQRd8sSNSFP56Q,Habib's Grajaú,"Av. Dona Belmira Marin, 111 - Grajaú, São Paulo - SP, 04846-010, Brazil",Grajaú,-23.7325537,-46.6969465,(11) 5696-6000,http://www.habibs.com.br/,4.1,6675,2,OPERATIONAL,True,"establishment, food, point_of_interest, restaurant",Monday: 11:00 AM – 12:00 AM | Tuesday: 11:00 AM – 12:00 AM | Wednesday: 11:00 AM – 12:00 AM | Thursday: 11:00 AM – 12:00 AM | Friday: 11:00 AM – 1:00 AM | Saturday: 11:00 AM – 1:00 AM | Sunday: 11:00 AM – 12:00 AM,10,5,True,True,True,False,True,True,True,Grajaú,alta,original,2025,8,30
ChIJ_1-IyJZjzpQRu_o6yM2QjWc,Habib's Marechal Tito 2,"Avenida Marechal Tito, 3322 - Jardim Miragaia, São Paulo - SP, 08010-000, Brazil",Não Identificado,-23.4949669,-46.4137329,(11) 5696-6000,http://www.habibs.com.br/,3.8,3759,2,OPERATIONAL,True,"establishment, food, point_of_interest, restaurant",Monday: 10:00 AM – 12:00 AM | Tuesday: 10:00 AM – 12:00 AM | Wednesday: 10:00 AM – 12:00 AM | Thursday: 10:00 AM – 12:00 AM | Friday: 10:00 AM – 2:00 AM | Saturday: 10:00 AM – 2:00 AM | Sunday: 10:00 AM – 12:00 AM,10,5,True,True,True,False,True,True,True,Vila Curuçá,alta,nominatim_reverse,2025,8,30
ChIJxZcbE_hkzpQRVE_RuwO6vtk,Habib's,"Estr. do Lageado Velho, 987 - Guaianases, São Paulo - SP, 08451-000, Brazil",Guaianases,-23.534253,-46.400174,N/A,http://www.habibs.com.br/,3.6,2460,2,CLOSED_PERMANENTLY,N/A,"establishment, food, meal_takeaway, point_of_interest, restaurant",N/A,10,5,True,True,True,False,True,True,True,Guaianases,alta,original,2025,8,30
ChIJtacCbjtvzpQRBwgW_N6u4yo,Mega esfiha dos Metalúrgicos,"Av. dos Metalúrgicos, 1345 - Cidade Tiradentes, São Paulo - SP, 08471-000, Brazil",Cidade Tiradentes,-23.5938867,-46.405958,(11) 94084-6517,https://app.cardapioweb.com/mega_esfiha_metalurgicos,4.1,624,1,OPERATIONAL,True,"establishment, food, point_of_interest, restaurant",Monday: 8:00 AM – 11:45 PM | Tuesday: 8:00 AM – 11:45 PM | Wednesday: 8:00 AM – 11:45 PM | Thursday: 8:00 AM – 11:45 PM | Friday: 8:00 AM – 11:45 PM | Saturday: 8:00 AM – 11:45 PM | Sunday: 8:00 AM – 11:45 PM,10,5,True,True,True,True,True,True,True,Cidade Tiradentes,alta,original,2025,8,30
ChIJ9RSFfXtvzpQRwZ8Kjfl9SX8,Pizzaria Super Star - Cid. Tiradentes,"R. Arnaldo Bonaventura, 461 - Cidade Tiradentes, São Paulo - SP, 08470-210, Brazil",Cidade Tiradentes,-23.5886923,-46.4084914,(11) 2556-2222,https://pedidos.site/pizzariasuperstar,3.9,258,1,OPERATIONAL,True,"establishment, food, point_of_interest, restaurant",Monday: 6:00 PM – 12:00 AM | Tuesday: 6:00 PM – 12:00 AM | Wednesday: 6:00 PM – 12:00 AM | Thursday: 6:00 PM – 12:00 AM | Friday: 6:00 PM – 1:00 AM | Saturday: 6:00 PM – 1:00 AM | Sunday: 6:00 PM – 12:00 AM,10,5,True,True,True,False,False,False,False,Cidade Tiradentes,alta,original,2025,8,30
ChIJVduW8q1bzpQRPqowNvPVLiM,Rede da Esfiha vila da saúde,"Av. do Cursino, 1864 - Vila da Saúde, São Paulo - SP, 04132-001, Brazil",Cursino,-23.6185397,-46.61929809999999,(11) 97793-8769,http://meulink.fit/rededaesfihacursino,3.9,1126,1,OPERATIONAL,True,"establishment, food, point_of_interest, restaurant",Monday: 8:00 AM – 4:00 AM | Tuesday: 8:00 AM – 4:00 AM | Wednesday: 8:00 AM – 4:00 AM | Thursday: 8:00 AM – 12:00 AM | Friday: Open 24 hours | Saturday: Open 24 hours | Sunday: Open 24 hours,10,5,True,True,True,True,True,True,True,Cursino,alta,original,2025,8,30
ChIJMT0RA_pbzpQRsEPGgAsS0dg,Ponto da Esfiha Miguel Estefno,"Av. Miguel Estefno, 2103 - Vila da Saúde, São Paulo - SP, 04301-012, Brazil",Saúde,-23.631476,-46.6272724,(11) 2366-4571,N/A,3.7,156,N/A,OPERATIONAL,True,"establishment, food, point_of_interest, restaurant",Monday: 8:00 AM – 11:30 PM | Tuesday: 8:00 AM – 11:30 PM | Wednesday: 8:00 AM – 11:30 PM | Thursday: 8:00 AM – 11:30 PM | Friday: 8:00 AM – 11:30 PM | Saturday: 8:00 AM – 11:30 PM | Sunday: 8:00 AM – 11:30 PM,10,5,True,True,True,N/A,True,True,True,Cursino,alta,nominatim_reverse,2025,8,30
ChIJA9OgK6dbzpQRcF9hGuQKAbM,Restaurante Brasa de Ouro,"Av. do Cursino, 1575 - Vila da Saúde, São Paulo - SP, 04133-100, Brazil",Cursino,-23.6164512,-46.6175056,(11) 5073-5299,N/A,4.4,2591,2,OPERATIONAL,True,"establishment, food, point_of_interest, restaurant",Monday: 11:00 AM – 4:00 PM | Tuesday: 11:00 AM – 12:00 AM | Wednesday: 11:00 AM – 12:00 AM | Thursday: 11:00 AM – 12:00 AM | Friday: 11:00 AM – 12:00 AM | Saturday: 11:00 AM – 12:00 AM | Sunday: 11:00 AM – 12:00 AM,10,5,True,True,True,False,True,True,True,Cursino,alta,original,2025,8,30
ChIJbdxKeb5bzpQRlroMtwsNwuY,Ragazzo,"Av. Dr. Gentil de Moura, 42 - Ipiranga, São Paulo - SP, 04278-000, Brazil",Ipiranga,-23.6028673,-46.61449160000001,(11) 96151-0239,N/A,4,5793,1,OPERATIONAL,True,"establishment, food, point_of_interest, restaurant, store",Monday: 9:00 AM – 2:00 AM | Tuesday: 9:00 AM – 2:00 AM | Wednesday: 9:00 AM – 2:00 AM | Thursday: 9:00 AM – 2:00 AM | Friday: 9:00 AM – 4:00 AM | Saturday: 9:00 AM – 4:00 AM | Sunday: 10:00 AM – 1:00 AM,10,5,True,True,True,N/A,True,True,True,Ipiranga,alta,original,2025,8,30
ChIJYzNEHAFbzpQRyOQMO0MQZvM,Ragazzo,"Av. Prof. Abraão de Morais, 2299 - Vila da Saúde, São Paulo - SP, 01423-011, Brazil",Saúde,-23.6252182,-46.6284168,(11) 5058-5693,https://www1.deliveryragazzo.com.br/,4.2,10366,1,OPERATIONAL,True,"establishment, food, meal_takeaway, point_of_interest, restaurant",Monday: 8:00 AM – 2:00 AM | Tuesday: 8:00 AM – 2:00 AM | Wednesday: 8:00 AM – 2:00 AM | Thursday: 8:00 AM – 2:00 AM | Friday: 8:00 AM – 4:00 AM | Saturday: 8:00 AM – 4:00 AM | Sunday: 8:00 AM – 4:00 AM,10,5,True,True,True,True,True,True,True,Cursino,alta,nominatim_reverse,2025,8,30
ChIJrXyQfzFazpQRxV8aZu_RURQ,Pizza Hut,"R. Domingos de Morais, 2564 - Vila Mariana, São Paulo - SP, 04036-100, Brazil",Vila Maria,-23.5994688,-46.6370301,(11) 99426-2856,https://www.pizzahut.com.br/,2.8,179,2,OPERATIONAL,True,"establishment, food, point_of_interest, restaurant",Monday: 12:00 – 11:00 PM | Tuesday: 12:00 – 11:00 PM | Wednesday: 12:00 – 11:00 PM | Thursday: 12:00 – 11:00 PM | Friday: 12:00 – 11:00 PM | Saturday: 12:00 – 11:00 PM | Sunday: 12:00 – 11:00 PM,10,5,True,True,True,N/A,True,True,True,Vila Maria,alta,original,2025,8,30
ChIJD_bzeohbzpQRvlsZTh-eUbM,Esfiha Chic - São Judas,"Av. Jabaquara, 2436 - Mirandópolis, São Paulo - SP, 04046-400, Brazil",Jabaquara,-23.625662,-46.641074,(11) 2276-9308,https://deliverydireto.com.br/esfihachicsaojudas/esfihachicsaojudas?hj=menu,4.1,735,2,OPERATIONAL,True,"establishment, food, meal_delivery, point_of_interest, restaurant",Monday: 8:00 AM – 12:00 AM | Tuesday: 8:00 AM – 12:00 AM | Wednesday: 8:00 AM – 12:00 AM | Thursday: 8:00 AM – 12:00 AM | Friday: 8:00 AM – 12:00 AM | Saturday: 8:00 AM – 12:00 AM | Sunday: 10:00 AM – 12:00 AM,10,5,True,True,True,N/A,True,True,True,Jabaquara,alta,original,2025,8,30
ChIJDZMhf3pbzpQRe8QYxxTaMM0,McDonald's,"R. Taquarichim, 266 - Vila da Saúde, São Paulo - SP, 04296-100, Brazil",Saúde,-23.6204905,-46.6030104,0800 888 1955,https://www.mcdonalds.com.br/?utm_source=[gmb]&utm_medium=[website][TAQ]&utm_campaign=[youmap][digital],3.9,7141,2,OPERATIONAL,True,"establishment, food, point_of_interest, restaurant",Monday: Open 24 hours | Tuesday: Open 24 hours | Wednesday: Open 24 hours | Thursday: Open 24 hours | Friday: Open 24 hours | Saturday: Open 24 hours | Sunday: Open 24 hours,10,5,True,True,True,True,True,True,True,Sacomã,alta,nominatim_reverse,2025,8,30
ChIJy6zq4YRbzpQRsdZQb7g95XY,Pizzaria Hula Gula,"R. Américo Samarone, 264 - Vila Moinho Velho, São Paulo - SP, 04284-000, Brazil",Não Identificado,-23.6058941,-46.6015757,(11) 2061-9139,http://www.hulagula.com.br/,4,358,1,OPERATIONAL,True,"establishment, food, point_of_interest, restaurant",Monday: Closed | Tuesday: 6:00 – 11:30 PM | Wednesday: 6:00 – 11:30 PM | Thursday: 6:00 – 11:30 PM | Friday: 6:00 – 11:30 PM | Saturday: 6:00 – 11:30 PM | Sunday: 6:00 – 11:30 PM,10,5,True,True,True,False,True,False,False,Sacomã,alta,nominatim_reverse,2025,8,30
ChIJc46TfF1XzpQRRuRZYrcsIaw,Rosima - Itaim,"R. João Cachoeira, 287 - Itaim Bibi, São Paulo - SP, 04535-010, Brazil",Itaim Bibi,-23.5826227,-46.6782772,(11) 3168-1388,http://www.rosima.com.br/,4.4,392,2,OPERATIONAL,True,"establishment, food, meal_takeaway, point_of_interest, restaurant",Monday: 10:00 AM – 9:00 PM | Tuesday: 10:00 AM – 9:00 PM | Wednesday: 10:00 AM – 9:00 PM | Thursday: 10:00 AM – 9:00 PM | Friday: 10:00 AM – 9:00 PM | Saturday: 10:00 AM – 9:00 PM | Sunday: 10:00 AM – 6:09 PM,10,5,True,True,True,False,N/A,True,True,Itaim Bibi,alta,original,2025,8,30
ChIJt6A-LZ1jzpQRg-Ph4jMZdO8,Habib's,"Avenida Marechal Tito - Vila Silva Teles, São Paulo - SP, 08160-505, Brazil",Não Identificado,-23.496167,-46.40273819999999,(11) 2561-2185,http://www.habibs.com.br/,3.8,2917,2,CLOSED_PERMANENTLY,N/A,"establishment, food, point_of_interest, restaurant",N/A,10,5,True,N/A,True,N/A,N/A,True,N/A,Itaim Paulista,média,nominatim_reverse,2025,8,30
ChIJZ5idIgD3zpQR9N6cp1Kkb_s,Habib´s Tucuruvi,"R. Paulo de Faria, 133-167 - Tucuruvi, São Paulo - SP, 02307-120, Brazil",Tucuruvi,-23.4803255,-46.6029192,N/A,https://www.habibs.com.br/,1,3,N/A,OPERATIONAL,N/A,"establishment, food, point_of_interest, restaurant",N/A,7,3,N/A,True,N/A,N/A,N/A,N/A,N/A,Tucuruvi,alta,original,2025,8,30
ChIJ4bUO1Nr1zpQRy5wZ5r-KqGk,Take mix restaurante japones e árabe,"Av. Guapira, 2324 - Jaçanã, São Paulo - SP, 02265-000, Brazil",Jaçanã,-23.4698219,-46.5842781,(11) 2249-7479,https://www.facebook.com/mixarabia/,4.2,673,N/A,OPERATIONAL,True,"establishment, food, point_of_interest, restaurant",Monday: 5:00 – 11:30 PM | Tuesday: 5:00 – 11:30 PM | Wednesday: 5:00 – 11:30 PM | Thursday: 5:00 – 11:30 PM | Friday: 5:00 – 11:30 PM | Saturday: 5:00 – 11:30 PM | Sunday: 5:00 – 11:30 PM,10,5,True,True,True,N/A,True,True,True,Jaçanã,alta,original,2025,8,30
ChIJSfr0LwD5zpQRW0qHeZenl0o,Habib's,"Vila Anastácio, São Paulo - State of São Paulo, 05095-030, Brazil",Não Identificado,-23.5096613,-46.7176119,N/A,N/A,1,1,N/A,OPERATIONAL,True,"establishment, food, point_of_interest, restaurant",Monday: 10:00 AM – 11:00 PM | Tuesday: 10:00 AM – 11:00 PM | Wednesday: 10:00 AM – 11:00 PM | Thursday: 10:00 AM – 11:00 PM | Friday: 10:00 AM – 11:00 PM | Saturday: 10:00 AM – 11:00 PM | Sunday: 10:00 AM – 11:00 PM,0,1,N/A,N/A,N/A,N/A,N/A,N/A,N/A,,baixa,nao_identificado,2025,8,30
ChIJ9dQySJZZzpQRc2POikccPE0,Ragazzo,"R. Des. Eliseu Guilherme, 10 - Paraíso, São Paulo - SP, 04000-030, Brazil",Sé,-23.5719465,-46.6444734,3003-3838,https://www1.deliveryragazzo.com.br/,3.7,940,1,OPERATIONAL,True,"establishment, food, point_of_interest, restaurant",Monday: 10:00 AM – 9:30 PM | Tuesday: 10:00 AM – 9:30 PM | Wednesday: 10:00 AM – 9:30 PM | Thursday: 10:00 AM – 9:30 PM | Friday: 10:00 AM – 9:30 PM | Saturday: 10:00 AM – 9:30 PM | Sunday: 10:00 AM – 8:00 PM,10,5,True,True,True,N/A,N/A,True,True,Sé,alta,original,2025,8,30
ChIJBTFGP5ZZzpQRZCUZxOqlnUw,Halim,"R. Dr. Rafael de Barros, 56 - Paraíso, São Paulo - SP, 04003-040, Brazil",Não Identificado,-23.5719149,-46.6449691,(11) 3887-5167,https://halim.com.br/,4.4,8698,2,OPERATIONAL,True,"establishment, food, meal_takeaway, point_of_interest, restaurant",Monday: 11:00 AM – 11:00 PM | Tuesday: 11:00 AM – 11:00 PM | Wednesday: 11:00 AM – 11:00 PM | Thursday: 11:00 AM – 11:00 PM | Friday: 11:00 AM – 11:00 PM | Saturday: 11:00 AM – 11:00 PM | Sunday: 11:00 AM – 4:30 PM,10,5,True,True,True,False,True,True,True,Vila Mariana,alta,nominatim_reverse,2025,8,30
ChIJOQlXpS5OzpQR-nP_jm46sjg,Habib's Guarapiranga,"Av. Atlântica, 3345 - Jardim Guarapiranga, São Paulo - SP, 04772-004, Brazil",Não Identificado,-23.6955482,-46.7145924,(11) 5696-6000,http://www.habibs.com.br/,3.8,2592,2,CLOSED_PERMANENTLY,N/A,"establishment, food, point_of_interest, restaurant",N/A,10,5,True,True,True,False,True,True,True,Socorro,alta,nominatim_reverse,2025,8,30
ChIJz2dcptRazpQR99kgkUO2S-k,Habib's,"R. José Bonifácio, 124 - São Sebastiao, São Paulo - SP, 01003-001, Brazil",José Bonifácio,-23.5487986,-46.6356341,(11) 3106-1022,http://www.habibs.com.br/,3.8,1136,2,CLOSED_PERMANENTLY,N/A,"establishment, food, point_of_interest, restaurant",N/A,10,5,N/A,N/A,True,N/A,N/A,True,N/A,José Bonifácio,alta,original,2025,8,30
ChIJTaSQJq33zpQRPpB8oSQT768,Casa Da Esfiha,"Av. Zumkeller, 39 - Mandaqui, São Paulo - SP, 02436-000, Brazil",Mandaqui,-23.478531,-46.632988,(11) 2233-1516,N/A,4.2,1449,1,OPERATIONAL,True,"establishment, food, point_of_interest, restaurant",Monday: Open 24 hours | Tuesday: Open 24 hours | Wednesday: Open 24 hours | Thursday: Open 24 hours | Friday: Open 24 hours | Saturday: Open 24 hours | Sunday: Open 24 hours,10,5,True,True,True,True,True,N/A,N/A,Mandaqui,alta,original,2025,8,30
ChIJ1SIDcRJazpQRpxO6-Rdwqc0,Barak Culinária Árabe,"Av. Aratãs, 697 - Moema, São Paulo - SP, 04081-003, Brazil",Moema,-23.6111859,-46.66048070000001,(11) 5093-1818,http://restaurantebarak.com.br/,4.6,1375,2,OPERATIONAL,True,"establishment, food, meal_delivery, point_of_interest, restaurant",Monday: Closed | Tuesday: Closed | Wednesday: 12:00 – 10:30 PM | Thursday: 12:00 – 10:30 PM | Friday: 12:00 – 10:30 PM | Saturday: 12:00 – 10:30 PM | Sunday: 12:00 – 10:30 PM,10,5,True,True,True,False,True,True,True,Moema,alta,original,2025,8,30
ChIJKbVTzAFbzpQRgmTWUBVwTds,Bom Bowls Moema,"Av. Jandira, 549 - Moema, São Paulo - SP, 04080-003, Brazil",Moema,-23.6087631,-46.6599608,(11) 5052-2186,https://www.instagram.com/bombowls_/,4.9,178,N/A,OPERATIONAL,False,"establishment, food, point_of_interest, restaurant",Monday: 11:00 AM – 10:00 PM | Tuesday: 11:00 AM – 10:00 PM | Wednesday: 11:00 AM – 10:00 PM | Thursday: 11:00 AM – 10:00 PM | Friday: 11:00 AM – 10:00 PM | Saturday: 11:00 AM – 6:00 PM | Sunday: Closed,10,5,True,True,True,N/A,True,True,True,Moema,alta,original,2025,8,30
ChIJWYQkDNdZzpQRuJ-HkcyWBkA,Al Chaer Restaurante,"R. Des. Eliseu Guilherme, 18 - Paraíso, São Paulo - SP, 04004-030, Brazil",Sé,-23.5720574,-46.6444334,(11) 97242-3318,N/A,4.8,222,N/A,OPERATIONAL,False,"establishment, food, point_of_interest, restaurant",Monday: 7:30 AM – 8:00 PM | Tuesday: 7:30 AM – 8:00 PM | Wednesday: 7:30 AM – 8:00 PM | Thursday: 7:30 AM – 8:00 PM | Friday: 7:30 AM – 8:00 PM | Saturday: 7:30 AM – 8:00 PM | Sunday: 7:30 AM – 8:00 PM,10,5,True,True,True,True,True,True,N/A,Sé,alta,original,2025,8,30
ChIJn-ohPwlazpQReNtfhzuTJdQ,Ragazzo,"Condomínio Shopping Center Ibirapuera - Av. Ibirapuera, 3103 - Loja 33 - Moema, São Paulo - SP, 04029-200, Brazil",Moema,-23.6101259,-46.666563,(11) 5092-3525,N/A,3.8,16,N/A,CLOSED_PERMANENTLY,N/A,"establishment, food, point_of_interest, restaurant",N/A,5,5,N/A,N/A,N/A,N/A,N/A,True,True,Moema,alta,original,2025,8,30
ChIJE3gDN8hWzpQRX-dGUKwQnHE,Blooming Burger,"Av. Giovanni Gronchi, 3303 - Morumbi, São Paulo - SP, 05651-002, Brazil",Morumbi,-23.6103757,-46.7270567,(11) 3743-4123,https://www.instagram.com/33anosdebloomingburger/,4.3,3498,2,OPERATIONAL,True,"establishment, food, meal_takeaway, point_of_interest, restaurant",Monday: 11:00 AM – 1:00 AM | Tuesday: 11:00 AM – 1:00 AM | Wednesday: 11:00 AM – 1:00 AM | Thursday: 11:00 AM – 1:00 AM | Friday: 11:00 AM – 2:00 AM | Saturday: 11:00 AM – 2:00 AM | Sunday: 11:00 AM – 12:00 AM,10,5,True,True,True,False,True,True,True,Morumbi,alta,original,2025,8,30
ChIJS7FnULRWzpQRWDQz6Ifio0Y,Habib's,"Av. Jules Rimet, 526 - Morumbi, São Paulo - SP, 05653-050, Brazil",Morumbi,-23.6007321,-46.7193286,(11) 2359-5385,http://www.habibs.com.br/,3.5,51,N/A,CLOSED_PERMANENTLY,N/A,"establishment, food, point_of_interest, restaurant",N/A,10,5,N/A,N/A,N/A,N/A,N/A,N/A,N/A,Morumbi,alta,original,2025,8,30
ChIJZe0qU8JWzpQR3KQ6Wgt7zm0,Habib's,"Av. Giovanni Gronchi - Morumbi, São Paulo - SP, 05622, Brazil",Morumbi,-23.5997961,-46.7217067,N/A,https://www.habibs.com.br/,N/A,N/A,N/A,CLOSED_PERMANENTLY,N/A,"establishment, food, point_of_interest, restaurant",N/A,0,0,N/A,N/A,N/A,N/A,N/A,N/A,N/A,Morumbi,alta,original,2025,8,30
ChIJMy33SO9YzpQRYyR3MQera-I,King of Esfihas,"R. Dr. Ornelas, 58 - Pari, São Paulo - SP, 03029-030, Brazil",Pari,-23.5320601,-46.6178636,(11) 3313-0022,N/A,4.7,4609,2,OPERATIONAL,True,"establishment, food, point_of_interest, restaurant",Monday: 4:00 PM – 12:00 AM | Tuesday: 11:00 AM – 12:00 AM | Wednesday: 11:00 AM – 12:00 AM | Thursday: 11:00 AM – 12:00 AM | Friday: 11:00 AM – 1:00 AM | Saturday: 11:00 AM – 1:00 AM | Sunday: 4:00 PM – 12:00 AM,10,5,True,True,True,False,True,True,True,Pari,alta,original,2025,8,30
ChIJI3AR2OhYzpQRGqnVIxGrGn4,Barakiah,"R. Cel. Morais, 396 - Pari, São Paulo - SP, 03029-000, Brazil",Pari,-23.5302778,-46.6169444,(11) 2291-9237,http://www.barakiah.com.br/,4.6,3907,2,OPERATIONAL,True,"establishment, food, point_of_interest, restaurant",Monday: 11:00 AM – 4:00 PM | Tuesday: 11:00 AM – 12:00 AM | Wednesday: 11:00 AM – 12:00 AM | Thursday: 11:00 AM – 12:00 AM | Friday: 11:00 AM – 12:00 AM | Saturday: 11:00 AM – 12:00 AM | Sunday: 5:00 PM – 12:00 AM,10,5,True,True,True,False,True,True,True,Pari,alta,original,2025,8,30
ChIJbUF8wYVZzpQR7Mcj6FJRMps,Habib's Rodrigues Alves,"Av. Conselheiro Rodrigues Alves, 181 - Vila Mariana, São Paulo - SP, 04014-010, Brazil",Sé,-23.582644,-46.6402361,(11) 5696-6000,http://www.habibs.com.br/,3.7,4491,2,CLOSED_PERMANENTLY,N/A,"establishment, food, meal_delivery, point_of_interest, restaurant",N/A,10,5,True,True,True,True,True,True,N/A,Sé,alta,original,2025,8,30
ChIJTTV_4EZEzpQRWGE7f46l-lM,Restaurante Paraíso Da Esfiha,"R. Vinte e Um, 13 - Pedreira, São Paulo - SP, 04476-565, Brazil",Pedreira,-23.7116443,-46.6185754,(11) 5673-4748,N/A,4.3,99,1,OPERATIONAL,True,"establishment, food, point_of_interest, restaurant",Monday: Closed | Tuesday: 6:00 PM – 1:00 AM | Wednesday: 6:00 PM – 1:00 AM | Thursday: 6:00 PM – 1:00 AM | Friday: 6:00 PM – 1:00 AM | Saturday: 6:00 PM – 1:00 AM | Sunday: 6:00 PM – 1:00 AM,5,5,True,True,True,False,False,False,N/A,Pedreira,alta,original,2025,8,30
ChIJ9erv3YpXzpQRRsiyp78C4tQ,Habib's,"R. Cardoso de Almeida, 1549 - Perdizes, São Paulo - SP, 05013-001, Brazil",Perdizes,-23.5434865,-46.6724758,(11) 5696-2828,http://www.habibs.com.br/,3.8,2058,2,CLOSED_PERMANENTLY,N/A,"establishment, food, point_of_interest, restaurant",N/A,10,5,True,True,True,N/A,True,True,True,Perdizes,alta,original,2025,8,30
ChIJS1LeIo5XzpQRUhcsxoz4eXY,Aladdin Restaurante Árabe e Pizzaria,"R. Dep. Lacerda Franco, de - Franco 87 - Pinheiros, São Paulo - SP, 05148-000, Brazil",Pinheiros,-23.5641119,-46.6900016,(11) 95730-5734,N/A,5,54,N/A,OPERATIONAL,True,"establishment, food, point_of_interest, restaurant",Monday: 11:30 AM – 4:00 PM | Tuesday: 11:30 AM – 10:00 PM | Wednesday: 11:30 AM – 10:00 PM | Thursday: 11:30 AM – 10:00 PM | Friday: 11:30 AM – 10:00 PM | Saturday: 11:30 AM – 10:00 PM | Sunday: Closed,10,5,True,True,True,N/A,N/A,True,N/A,Pinheiros,alta,original,2025,8,30
ChIJdRgsnhxXzpQRzU9U_VTzD3s,Nectar Natural Fast Food - Pinheiros,"Av. Pedroso de Morais, 1485 - Pinheiros, São Paulo - SP, 05419-001, Brazil",Pinheiros,-23.5596358,-46.6967727,(11) 98933-6383,https://nectar.comidadeverdade.app/,4.3,850,2,OPERATIONAL,True,"establishment, food, meal_delivery, meal_takeaway, point_of_interest, restaurant",Monday: 11:00 AM – 11:00 PM | Tuesday: 11:00 AM – 11:00 PM | Wednesday: 11:00 AM – 11:00 PM | Thursday: 11:00 AM – 11:00 PM | Friday: 11:00 AM – 11:00 PM | Saturday: 11:00 AM – 11:00 PM | Sunday: 11:00 AM – 11:00 PM,10,5,True,True,True,False,True,True,True,Pinheiros,alta,original,2025,8,30
ChIJ0wxd_WpXzpQRebqDN6ph-Wc,Andiamo Ristorante & Pizzeria Eldorado,"Av. Rebouças, 3970 - Pinheiros, São Paulo - SP, 05402-600, Brazil",Pinheiros,-23.5724616,-46.6957069,(11) 99634-8914,https://andiamo.com.br/,4.4,278,N/A,OPERATIONAL,True,"establishment, food, point_of_interest, restaurant",Monday: 11:30 AM – 10:00 PM | Tuesday: 11:30 AM – 10:00 PM | Wednesday: 11:30 AM – 10:00 PM | Thursday: 11:30 AM – 10:00 PM | Friday: 11:30 AM – 10:00 PM | Saturday: 12:00 – 10:00 PM | Sunday: 12:00 – 10:00 PM,10,5,True,True,True,N/A,True,True,True,Pinheiros,alta,original,2025,8,30
ChIJWdq0LUBXzpQRJXGt2P_YPwo,Al Mazen,"R. Mourato Coelho, 1327 - Pinheiros, São Paulo - SP, 05417-012, Brazil",Pinheiros,-23.5567115,-46.692585,(11) 3819-7770,N/A,4.7,419,2,OPERATIONAL,True,"establishment, food, point_of_interest, restaurant",Monday: Closed | Tuesday: 12:00 PM – 12:00 AM | Wednesday: 12:00 PM – 12:00 AM | Thursday: 12:00 PM – 12:00 AM | Friday: 12:00 PM – 1:00 AM | Saturday: 12:00 PM – 1:00 AM | Sunday: 12:00 PM – 12:00 AM,10,5,True,True,True,True,True,True,True,Pinheiros,alta,original,2025,8,30
ChIJ-6RCLglXzpQRb2foEpIuCC8,Hiro,"Av. Rebouças, 3970 - 408 - Pinheiros, São Paulo - SP, 05402-600, Brazil",Pinheiros,-23.5731915,-46.6960392,(11) 3032-9872,N/A,4.5,1499,3,OPERATIONAL,True,"establishment, food, point_of_interest, restaurant","Monday: 11:00 AM – 3:30 PM, 5:30 – 11:00 PM | Tuesday: 11:00 AM – 3:30 PM, 5:30 – 11:00 PM | Wednesday: 11:00 AM – 3:30 PM, 5:00 – 11:00 PM | Thursday: 11:00 AM – 11:00 PM | Friday: 11:00 AM – 11:00 PM | Saturday: 11:00 AM – 11:00 PM | Sunday: 11:00 AM – 11:00 PM",10,5,False,True,False,False,True,True,True,Pinheiros,alta,original,2025,8,30
ChIJ04puQwlXzpQRQp9HlhVXXt8,Almanara,"Shopping Eldorado - Av. Rebouças, 3970 - Pinheiros, São Paulo - SP, 05402-600, Brazil",Pinheiros,-23.5731164,-46.69605989999999,(11) 3031-8411,http://www.almanara.com.br/,4.6,2292,3,OPERATIONAL,True,"establishment, food, point_of_interest, restaurant",Monday: 11:30 AM – 10:30 PM | Tuesday: 11:30 AM – 10:30 PM | Wednesday: 11:30 AM – 10:30 PM | Thursday: 11:30 AM – 10:30 PM | Friday: 11:30 AM – 11:00 PM | Saturday: 11:30 AM – 11:00 PM | Sunday: 11:30 AM – 10:30 PM,10,5,True,True,True,N/A,True,True,True,Pinheiros,alta,original,2025,8,30
ChIJBxxESAlXzpQRm8dCC9ERKpY,Restaurante Ibiza,"Av. Rebouças, 3970 - Pinheiros, São Paulo - SP, 05402-600, Brazil",Pinheiros,-23.5727778,-46.6961111,(11) 3815-3144,https://institucional.shoppingeldorado.com.br/lojas/ibiza.htm,4.4,1468,2,OPERATIONAL,True,"establishment, food, point_of_interest, restaurant",Monday: 11:00 AM – 10:00 PM | Tuesday: 11:00 AM – 10:00 PM | Wednesday: 11:00 AM – 10:00 PM | Thursday: 11:00 AM – 10:00 PM | Friday: 11:00 AM – 10:00 PM | Saturday: 11:00 AM – 10:00 PM | Sunday: 11:00 AM – 10:00 PM,10,5,True,True,True,N/A,True,True,True,Pinheiros,alta,original,2025,8,30
ChIJu-l7ROFVzpQR3agdfloDdi4,Ponto da Esfiha,"Av. do Rio Pequeno, 634 - Rio Pequeno, São Paulo - SP, 05379-000, Brazil",Rio Pequeno,-23.5656516,-46.7518325,(11) 2507-3333,N/A,3.7,248,1,OPERATIONAL,True,"establishment, food, meal_takeaway, point_of_interest, restaurant",Monday: 7:00 AM – 12:00 AM | Tuesday: 7:00 AM – 12:00 AM | Wednesday: 7:00 AM – 12:00 AM | Thursday: 7:00 AM – 12:00 AM | Friday: 7:00 AM – 12:00 AM | Saturday: 7:00 AM – 12:00 AM | Sunday: 9:00 AM – 11:00 PM,10,5,True,True,True,N/A,True,N/A,False,Rio Pequeno,alta,original,2025,8,30
ChIJXXQCROFVzpQRpj1Bn8xzhK4,Ideal Esfiha,"Av. do Rio Pequeno, 634 - Rio Pequeno, São Paulo - SP, 05379-000, Brazil",Rio Pequeno,-23.5656516,-46.7518325,N/A,N/A,4.2,34,1,OPERATIONAL,True,"establishment, food, point_of_interest, restaurant",Monday: Closed | Tuesday: 6:00 – 11:00 PM | Wednesday: 6:00 – 11:00 PM | Thursday: 6:00 – 11:00 PM | Friday: 6:00 – 11:00 PM | Saturday: 6:00 – 11:00 PM | Sunday: 6:00 – 11:00 PM,7,5,True,True,True,True,N/A,N/A,N/A,Rio Pequeno,alta,original,2025,8,30
ChIJEw_sP1VQzpQRWLXOAoEzx3Y,Habib's,"Praça Floriano Peixoto, 266 - Santo Amaro, São Paulo - SP, 04751-030, Brazil",Santo Amaro,-23.6512317,-46.7081566,(11) 98744-0574,http://www.habibs.com.br/,3.9,2612,2,CLOSED_PERMANENTLY,N/A,"establishment, food, point_of_interest, restaurant",N/A,10,5,True,True,True,N/A,N/A,True,N/A,Santo Amaro,alta,original,2025,8,30
ChIJv1oahjdZzpQRiYVXS8CdoeM,Esfiha Juventus,"R. Visc. de Laguna, 152 - Mooca, São Paulo - SP, 03112-110, Brazil",Móoca,-23.5544516,-46.6029031,(11) 2796-7414,http://www.esfihajuventus.com.br/,4.6,10000,2,OPERATIONAL,True,"bar, establishment, food, point_of_interest, restaurant",Monday: 11:00 AM – 12:00 AM | Tuesday: 11:00 AM – 12:00 AM | Wednesday: 11:00 AM – 12:00 AM | Thursday: 11:00 AM – 12:00 AM | Friday: 11:00 AM – 12:00 AM | Saturday: 11:00 AM – 12:00 AM | Sunday: 11:00 AM – 12:00 AM,10,5,True,True,True,False,True,True,True,Mooca,alta,original,2025,8,30
ChIJvbrww1VczpQRUrjxn5Dy9T0,Esfiha Alpina,"R. Hermeto Lima, 08 - Vila Alpina, São Paulo - SP, 03211-160, Brazil",Não Identificado,-23.5967015,-46.5586595,(11) 2912-6325,https://instagram.com/esfihaalpina?igshid=1970emzk0c4jk,4.4,1102,1,OPERATIONAL,True,"establishment, food, point_of_interest, restaurant","Monday: 11:30 AM – 3:00 PM, 6:00 – 11:30 PM | Tuesday: 11:30 AM – 3:00 PM, 6:00 – 11:30 PM | Wednesday: 11:30 AM – 3:00 PM, 6:00 – 11:30 PM | Thursday: 11:30 AM – 3:00 PM, 6:00 – 11:30 PM | Friday: 11:30 AM – 3:00 PM, 6:00 – 11:30 PM | Saturday: 11:30 AM – 3:00 PM, 6:00 – 11:30 PM | Sunday: Closed",10,5,True,True,True,False,True,True,N/A,Vila Prudente,alta,nominatim_reverse,2025,8,30
ChIJ5ayVSf5nzpQRCNPVoTvzbJo,Casa da Esfiha São Mateus,"R. André de Almeida, 1295 - São Mateus, São Paulo - SP, 03960-040, Brazil",São Mateus,-23.5942955,-46.4822873,(11) 97838-3509,https://api.whatsapp.com/send?phone=5511978383509,3.7,271,2,OPERATIONAL,True,"establishment, food, meal_takeaway, point_of_interest, restaurant",Monday: Open 24 hours | Tuesday: Open 24 hours | Wednesday: Open 24 hours | Thursday: Open 24 hours | Friday: Open 24 hours | Saturday: Open 24 hours | Sunday: Open 24 hours,10,5,True,True,True,True,N/A,True,True,São Mateus,alta,original,2025,8,30
ChIJVSdWLapbzpQR86XBVhiggXY,Habibs,"Praça Leonor Kaupa, 100 - Bosque da Saúde, São Paulo - SP, 04151-100, Brazil",Saúde,-23.6199837,-46.6265081,N/A,http://www.habibs.com.br/,3.5,6,N/A,CLOSED_PERMANENTLY,N/A,"establishment, food, point_of_interest, restaurant",N/A,0,5,N/A,N/A,N/A,N/A,N/A,N/A,N/A,Saúde,média,bairro,2025,8,30
ChIJI2JKI_L2zpQRK0vbGoYZ2f8,Habib's,"R. Maria Amália Lopes Azevedo, 899 - Tremembé, São Paulo - SP, 02350-000, Brazil",Tremembé,-23.4575733,-46.6169034,(11) 2203-0102,http://www.habibs.com.br/,3.9,4610,2,CLOSED_PERMANENTLY,N/A,"establishment, food, point_of_interest, restaurant",N/A,10,5,True,N/A,True,N/A,True,True,N/A,Tremembé,alta,original,2025,8,30
ChIJOUS3X5f4zpQRQDFuNAKTGjw,Yalinha,"R. Nanuque, 596 - Vila Leopoldina, São Paulo - SP, 05302-040, Brazil",Vila Leopoldina,-23.531847,-46.725066,(11) 2476-8795,N/A,4.6,1190,N/A,OPERATIONAL,True,"establishment, food, point_of_interest, restaurant",Monday: 6:00 – 10:45 PM | Tuesday: 11:30 AM – 10:45 PM | Wednesday: 11:30 AM – 10:45 PM | Thursday: 11:30 AM – 10:45 PM | Friday: 11:30 AM – 10:45 PM | Saturday: 11:30 AM – 10:30 PM | Sunday: 11:30 AM – 11:00 PM,10,5,True,True,True,N/A,True,True,N/A,Vila Leopoldina,alta,original,2025,8,30
ChIJ2ZOshDlfzpQRZGQmEisG2Rw,Lig-Esfiha,"R. Araritaguaba, 1323 - Vila Maria, São Paulo - SP, 02122-011, Brazil",Vila Maria,-23.515021,-46.58153799999999,(11) 2955-4491,http://www.ligesfihadelivery.com.br/,4.6,4454,2,OPERATIONAL,True,"establishment, food, point_of_interest, restaurant",Monday: 11:00 AM – 10:00 PM | Tuesday: 11:00 AM – 11:00 PM | Wednesday: 11:00 AM – 11:00 PM | Thursday: 11:00 AM – 11:00 PM | Friday: 11:00 AM – 12:00 AM | Saturday: 11:00 AM – 12:00 AM | Sunday: 6:00 – 11:00 PM,10,5,True,True,True,False,True,False,False,Vila Maria,alta,original,2025,8,30
ChIJGcr7iTNfzpQRm3wZ8DwCtwM,Subway,"Av. Guilherme Cotching, 1209 - Vila Maria, São Paulo - SP, 02113-015, Brazil",Vila Maria,-23.5184864,-46.59014,(11) 2306-7108,https://www.subway.com.br/,4.4,655,2,OPERATIONAL,True,"establishment, food, point_of_interest, restaurant",Monday: 10:00 AM – 9:00 PM | Tuesday: 10:00 AM – 9:00 PM | Wednesday: 10:00 AM – 9:00 PM | Thursday: 10:00 AM – 9:00 PM | Friday: 10:00 AM – 9:00 PM | Saturday: 10:00 AM – 9:00 PM | Sunday: 10:00 AM – 9:00 PM,10,5,False,True,True,N/A,N/A,True,True,Vila Maria,alta,original,2025,8,30
ChIJTd33K6RYzpQRteD9kAAvDjY,Casa da Esfiha - Vila Guilherme,"R. Maria Cândida, 974 - Vila Guilherme, São Paulo - SP, 02071-002, Brazil",Vila Guilherme,-23.5052146,-46.6056821,(11) 2309-1444,N/A,4.1,1620,1,OPERATIONAL,True,"establishment, food, point_of_interest, restaurant",Monday: 7:00 AM – 12:00 AM | Tuesday: 7:00 AM – 12:00 AM | Wednesday: 7:00 AM – 12:00 AM | Thursday: 7:00 AM – 12:00 AM | Friday: 7:00 AM – 12:00 AM | Saturday: 7:00 AM – 12:00 AM | Sunday: 8:00 AM – 12:00 AM,10,5,True,True,True,True,True,False,N/A,Vila Guilherme,alta,original,2025,8,30
ChIJ1TvIt7lYzpQR8l6AXo_VcsQ,Villa's Churrascaria,"Av. Morvan Dias de Figueiredo, 2163 - Vila Guilherme, São Paulo - SP, 02170-000, Brazil",Vila Guilherme,-23.5220688,-46.6082149,(11) 94558-3137,http://garzon33.com.br/,4,2669,3,OPERATIONAL,True,"establishment, food, point_of_interest, restaurant",Monday: 12:00 – 11:30 PM | Tuesday: 12:00 – 11:30 PM | Wednesday: 12:00 – 11:30 PM | Thursday: 12:00 – 11:30 PM | Friday: 12:00 – 11:30 PM | Saturday: 12:00 – 11:30 PM | Sunday: 12:00 – 11:30 PM,10,5,True,True,True,False,True,True,True,Vila Guilherme,alta,original,2025,8,30
