﻿place_id;name;address;distrito;latitude;longitude;phone;website;rating;total_ratings;price_level;business_status;is_open_now;types;opening_hours;photos_count;reviews_count;delivery;dine_in;takeout;serves_breakfast;serves_dinner;serves_lunch;wheelchair_accessible_entrance;distrito_atualizado;confianca_distrito;metodo_distrito
ChIJW_8oKypczpQRDGJT8YmMu-E;Bob's - Anália Franco;Tatuapé, São Paulo - State of São Paulo, 03342-000, Brazil;Tatuapé;-235619161;-465592973;N/A;https://www.bobs.com.br/;3.7;3;2;CLOSED_PERMANENTLY;N/A;establishment, food, point_of_interest, restaurant;N/A;0;3;True;True;N/A;N/A;N/A;N/A;N/A;Tatuapé;alta;original
ChIJK9QEYfhbzpQRRpk2yQgtgLQ;Bob's;R. Cap. Pacheco e Chaves, 313 - Mooca, São Paulo - SP, 03126-000, Brazil;Móoca;-235797475;-465943652;N/A;https://bobs.com.br/onde-tem-bobs;3;2;2;OPERATIONAL;N/A;establishment, food, point_of_interest, restaurant;N/A;0;2;N/A;N/A;N/A;N/A;N/A;N/A;N/A;Mooca;alta;original
ChIJc7vS4addzpQRPb7PZb9cNVo;Bob's Burger - Shopping Central Plaza;Av. Dr. Francisco Mesquita, 1000 - Arco FF11 - Vila Prudente, São Paulo - SP, 03153-031, Brazil;Vila Prudente;-235935619;-46585806;(11) 2069-8211;https://bobs.com.br/;4.8;67;N/A;OPERATIONAL;N/A;establishment, food, point_of_interest, restaurant;N/A;4;5;N/A;True;N/A;N/A;N/A;True;True;Vila Prudente;alta;original
ChIJx75RyNdfzpQRreOomVVHmr4;Bob's Shakes - Shopping Metrô Boulevard Tatuapé;Rua Domingos Agostim, 91 - Tatuapé, São Paulo - SP, 03066-030, Brazil;Tatuapé;-235416115;-465763688;(11) 95134-7272;https://bobs.com.br/;4.7;715;2;OPERATIONAL;True;establishment, food, point_of_interest, restaurant, store;Monday: 10:00 AM – 10:00 PM | Tuesday: 10:00 AM – 10:00 PM | Wednesday: 10:00 AM – 10:00 PM | Thursday: 10:00 AM – 10:00 PM | Friday: 10:00 AM – 10:00 PM | Saturday: 10:00 AM – 10:00 PM | Sunday: 11:00 AM – 10:00 PM;10;5;True;True;True;N/A;True;True;True;Tatuapé;alta;original
ChIJ57-67KT5zpQR8BXslet_nNU;Bob's Burger;Av. Aricanduva, 5555 - Arco U - Jardim Santa Teresinha, São Paulo - SP, 03527-035, Brazil;Aricanduva;-235657299;-4,6504E+15;N/A;https://bobs.com.br/;5;265;2;OPERATIONAL;True;establishment, food, point_of_interest, restaurant;Monday: 11:00 AM – 10:00 PM | Tuesday: 11:00 AM – 10:00 PM | Wednesday: 11:00 AM – 10:00 PM | Thursday: 11:00 AM – 10:00 PM | Friday: 11:00 AM – 10:00 PM | Saturday: 11:00 AM – 10:00 PM | Sunday: 11:00 AM – 10:00 PM;3;5;N/A;True;N/A;N/A;N/A;True;True;Aricanduva;alta;original
ChIJ1wAKawlXzpQRlJ0s-bCIS_Q;Bob's Burger;Av. Rebouças, 3970 - Piso 3 LJ 409 L2 - Pinheiros, São Paulo - SP, 05402-054, Brazil;Pinheiros;-235727268;-466957572;(11) 3812-8921;https://bobs.com.br/;4.5;604;2;OPERATIONAL;True;establishment, food, point_of_interest, restaurant;Monday: 11:00 AM – 10:00 PM | Tuesday: 11:00 AM – 10:00 PM | Wednesday: 11:00 AM – 10:00 PM | Thursday: 11:00 AM – 10:00 PM | Friday: 11:00 AM – 10:00 PM | Saturday: 11:00 AM – 10:00 PM | Sunday: 11:00 AM – 10:00 PM;10;5;True;True;True;N/A;True;True;True;Pinheiros;alta;original
ChIJLYCdsZZYzpQRdTuE9qUADWQ;Bob's;Tv. Casalbuono, 120 - 600/602/604 - Vila Guilherme, São Paulo - SP, 02047-020, Brazil;Vila Guilherme;-235155164;-466183535;(11) 2089-1241;https://bobs.com.br/;4.3;1079;2;OPERATIONAL;True;establishment, food, point_of_interest, restaurant;Monday: 10:00 AM – 10:00 PM | Tuesday: 10:00 AM – 10:00 PM | Wednesday: 10:00 AM – 10:00 PM | Thursday: 10:00 AM – 10:00 PM | Friday: 10:00 AM – 10:00 PM | Saturday: 10:00 AM – 10:00 PM | Sunday: 10:00 AM – 10:00 PM;10;5;True;True;True;N/A;N/A;N/A;True;Vila Guilherme;alta;original
ChIJVRULJ6tRzpQR3n8vbRX0sdQ;Bob's;R. Amador Bueno, 355 - Santo Amaro, São Paulo - SP, 04752-005, Brazil;Santo Amaro;-236530527;-467099459;N/A;https://bobs.com.br/onde-tem-bobs;N/A;N/A;2;OPERATIONAL;N/A;establishment, food, point_of_interest, restaurant;N/A;0;0;N/A;N/A;N/A;N/A;N/A;N/A;N/A;Santo Amaro;alta;original
ChIJ-ZOMH-hTzpQRrQ9mHOz6yB4;Bob’s;R. Mário de Andrade, 664 - Barra Funda, São Paulo - SP, 01154-011, Brazil;Barra Funda;-235254438;-466675858;(11) 3392-2483;https://www.bobs.com.br/;3.4;70;2;OPERATIONAL;False;establishment, food, point_of_interest, restaurant, store;Monday: 12:00 – 5:00 PM | Tuesday: 12:00 – 5:00 PM | Wednesday: 12:00 – 5:00 PM | Thursday: 12:00 – 5:00 PM | Friday: 12:00 – 5:00 PM | Saturday: 12:00 – 5:00 PM | Sunday: 12:00 – 5:00 PM;10;5;True;True;True;N/A;N/A;N/A;True;Barra Funda;alta;original
ChIJAUR46KpRzpQRkb7lsCrcF7A;Bob's;R. Amador Bueno, 229 - Santo Amaro, São Paulo - SP, 04752-005, Brazil;Santo Amaro;-236530286;-467105358;(11) 5546-2837;https://bobs.com.br/;4.2;125;2;OPERATIONAL;True;establishment, food, point_of_interest, restaurant, store;Monday: 10:00 AM – 10:00 PM | Tuesday: 10:00 AM – 10:00 PM | Wednesday: 10:00 AM – 10:00 PM | Thursday: 10:00 AM – 10:00 PM | Friday: 10:00 AM – 10:00 PM | Saturday: 10:00 AM – 10:00 PM | Sunday: 10:00 AM – 10:00 PM;10;5;True;True;True;N/A;N/A;N/A;True;Santo Amaro;alta;original
ChIJGwI0CUFnzpQRDTp5xVBaZ_o;Bob's Burgers;Av. José Pinheiro Borges, s/n - Vila Campanela, São Paulo - SP, 08220-385, Brazil;Sé;-235402604;-464707936;(11) 4395-8441;https://bobs.com.br/;4.6;365;2;OPERATIONAL;True;establishment, food, point_of_interest, restaurant, store;Monday: 10:00 AM – 10:00 PM | Tuesday: 10:00 AM – 10:00 PM | Wednesday: 10:00 AM – 10:00 PM | Thursday: 10:00 AM – 10:00 PM | Friday: 10:00 AM – 10:00 PM | Saturday: 10:00 AM – 10:00 PM | Sunday: 11:00 AM – 10:00 PM;10;5;True;True;True;N/A;N/A;True;True;Sé;alta;original
ChIJrXpAYfhbzpQRJHXR2sC3rzA;Bob's Burger - Terminal Rodoviário Tiete;Av. Cruzeiro do Sul, 1800 - Lj 2 - Santana, São Paulo - SP, 02030-020, Brazil;Santana;-235159432;-466240774;(11) 2146-7143;https://bobs.com.br/;3.2;92;2;OPERATIONAL;True;establishment, food, point_of_interest, restaurant, store;Monday: 8:00 AM – 12:00 AM | Tuesday: 8:00 AM – 12:00 AM | Wednesday: 8:00 AM – 12:00 AM | Thursday: 8:00 AM – 12:00 AM | Friday: 8:00 AM – 12:00 AM | Saturday: 8:00 AM – 12:00 AM | Sunday: 8:00 AM – 12:00 AM;10;5;True;True;True;N/A;N/A;N/A;True;Santana;alta;original
ChIJt8hRvDdYzpQRjSbLRPh5jZ4;Bob's;PORTAO DA FACULDADE MESMO FECHADO procure o seguranca que chama sua entrega - R. Itambé, 135 - Higienópolis, São Paulo - SP, 01239-001, Brazil;Sé;-235465244;-466528597;N/A;http://bobs.com.br/;2.9;41;2;OPERATIONAL;N/A;establishment, food, meal_takeaway, point_of_interest, restaurant;N/A;10;5;True;True;True;True;True;True;True;Sé;alta;original
ChIJH8jIiCBnzpQR8S_UH0-N0ZA;Bob's Shakes - Itaquera Poupa Tempo;Av. José Pinheiro Borges, S/N - sn - Vila Campanela, São Paulo - SP, 08220-900, Brazil;Sé;-235396865;-464620374;(11) 2040-3747;https://bobs.com.br/;5;134;2;OPERATIONAL;True;establishment, food, point_of_interest, restaurant, store;Monday: 10:00 AM – 10:00 PM | Tuesday: 10:00 AM – 10:00 PM | Wednesday: 10:00 AM – 10:00 PM | Thursday: 10:00 AM – 10:00 PM | Friday: 10:00 AM – 10:00 PM | Saturday: 10:00 AM – 10:00 PM | Sunday: 11:00 AM – 10:00 PM;10;5;True;True;True;N/A;N/A;N/A;True;Sé;alta;original
ChIJvV8R0lNnzpQRrxmdIXIKAa8;Bob's Shakes - Shopping Aricanduva I;Av. Aricanduva, 5555 - Vila Aricanduva, São Paulo - SP, 03527-000, Brazil;Aricanduva;-235617447;-465036281;N/A;https://bobs.com.br/;5;145;2;OPERATIONAL;True;establishment, food, point_of_interest, restaurant;Monday: 11:00 AM – 10:00 PM | Tuesday: 11:00 AM – 10:00 PM | Wednesday: 11:00 AM – 10:00 PM | Thursday: 11:00 AM – 10:00 PM | Friday: 11:00 AM – 10:00 PM | Saturday: 11:00 AM – 10:00 PM | Sunday: 11:00 AM – 10:00 PM;10;5;N/A;True;N/A;N/A;N/A;N/A;True;Aricanduva;alta;original
ChIJrXyQfzFazpQRqkZDZHTt4Tk;Bob's Shakes - Shopping Metro Itaquera II;Av. José Pinheiro Borges, S/N - Vila Campanela, São Paulo - SP, 08220-385, Brazil;Sé;-235402838;-464698718;N/A;https://bobs.com.br/;4.7;200;2;OPERATIONAL;True;establishment, food, point_of_interest, restaurant, store;Monday: 10:00 AM – 10:00 PM | Tuesday: 10:00 AM – 10:00 PM | Wednesday: 10:00 AM – 10:00 PM | Thursday: 10:00 AM – 10:00 PM | Friday: 10:00 AM – 10:00 PM | Saturday: 10:00 AM – 10:00 PM | Sunday: 11:00 AM – 10:00 PM;10;5;True;True;True;N/A;N/A;N/A;True;Sé;alta;original
ChIJzYBViaT3zpQR1bNXlXq1YPE;Bob's;R. Conselheiro Moreira de Barros, 2780 - LJ 3065 - Santana, São Paulo - SP, 02430-024, Brazil;Santana;-234826728;-466450873;(11) 2208-8135;https://bobs.com.br/;4.1;239;2;OPERATIONAL;True;establishment, food, point_of_interest, restaurant;Monday: 11:00 AM – 10:00 PM | Tuesday: 11:00 AM – 10:00 PM | Wednesday: 11:00 AM – 10:00 PM | Thursday: 11:00 AM – 10:00 PM | Friday: 11:00 AM – 10:00 PM | Saturday: 11:00 AM – 10:00 PM | Sunday: 12:00 – 8:00 PM;10;5;True;True;True;N/A;N/A;N/A;True;Santana;alta;original
ChIJ_Y1xZFZnzpQRVrj369yfAyw;Bob's Shakes - Shopping Aricanduva II;Av. Aricanduva, 5555 - Vila Aricanduva, São Paulo - SP, 03527-000, Brazil;Aricanduva;-235630802;-46503765;N/A;https://bobs.com.br/;4.4;337;2;OPERATIONAL;True;establishment, food, point_of_interest, restaurant;Monday: 11:00 AM – 10:00 PM | Tuesday: 11:00 AM – 10:00 PM | Wednesday: 11:00 AM – 10:00 PM | Thursday: 11:00 AM – 10:00 PM | Friday: 11:00 AM – 10:00 PM | Saturday: 11:00 AM – 10:00 PM | Sunday: 11:00 AM – 10:00 PM;10;5;N/A;True;True;N/A;N/A;N/A;True;Aricanduva;alta;original
ChIJryNUrCqPsgkRya3eMKsojB4;Bob's;Rua Peixoto Gomide - Jardim Paulista, São Paulo - SP, Brazil;Jardim Paulista;89683048;-375103282;N/A;https://bobs.com.br/onde-tem-bobs;4;4;2;OPERATIONAL;N/A;establishment, food, point_of_interest, restaurant;N/A;1;4;N/A;N/A;N/A;N/A;N/A;N/A;N/A;Jardim Paulista;alta;original
ChIJiUaVNANazpQR3cbaLkEIo5I;Bob's;Av. República do Líbano, 2035 - Indianópolis, São Paulo - SP, 04542-030, Brazil;República;-235973376;-466619462;N/A;http://www.bobs.com.br;N/A;N/A;N/A;CLOSED_PERMANENTLY;N/A;establishment, food, meal_takeaway, point_of_interest, restaurant;N/A;0;0;N/A;N/A;N/A;N/A;N/A;N/A;N/A;República;alta;original
ChIJizBW461nzpQRp6-0K523rBc;Bob's Shakes - Shopping Aricanduva III;Av. Aricanduva, 5555 - Q003 - Vila Aricanduva, São Paulo - SP, 03527-000, Brazil;Aricanduva;-235555299;-465164392;N/A;https://bobs.com.br/;5;175;N/A;OPERATIONAL;True;establishment, food, point_of_interest, restaurant;Monday: 11:00 AM – 10:00 PM | Tuesday: 11:00 AM – 10:00 PM | Wednesday: 11:00 AM – 10:00 PM | Thursday: 11:00 AM – 10:00 PM | Friday: 11:00 AM – 10:00 PM | Saturday: 11:00 AM – 10:00 PM | Sunday: 11:00 AM – 10:00 PM;2;5;N/A;True;N/A;N/A;N/A;N/A;True;Aricanduva;alta;original
ChIJq6qq1t5mzpQRquldQ1zKVnA;Bob's;ARENA CORINTHIANS NORTE E SUL -SP - Av. Miguel Ignácio Curi, 111 - Artur Alvim, São Paulo - SP, 08295-005, Brazil;Artur Alvim;-235455669;-464750633;N/A;https://www.bobs.com.br/;2;15;2;OPERATIONAL;N/A;establishment, food, point_of_interest, restaurant, store;N/A;1;5;True;True;True;N/A;N/A;N/A;True;Artur Alvim;alta;original
ChIJI5LbrM1ZzpQRWpa3Hlzow1c;Bob's;Av. Paulista, 1904 - Bela Vista, São Paulo - SP, 01310-200, Brazil;Bela Vista;-235593765;-466583342;(11) 3262-3817;https://www.bobs.com.br/;3.8;2740;2;CLOSED_PERMANENTLY;N/A;establishment, food, point_of_interest, restaurant, store;N/A;10;5;True;True;True;True;N/A;True;True;Bela Vista;alta;original
ChIJcwaJSvJWzpQRKOIf1WMJlEY;Bob's Shopping Butantã;Av. Prof. Francisco Morato, 2718 - Butantã, São Paulo - SP, 05512-300, Brazil;Butantã;-23584607;-467251859;(11) 3721-1527;N/A;N/A;N/A;2;CLOSED_PERMANENTLY;N/A;establishment, food, point_of_interest, restaurant;N/A;0;0;N/A;N/A;N/A;N/A;N/A;N/A;N/A;Butantã;alta;original
ChIJL99h-iH3zpQRATYdX53XG6c;Bob's Shakes - Shopping Santana Parque;R. Conselheiro Moreira de Barros, 2780 - Loja 3065 - Lauzane Paulista, São Paulo - SP, 02430-001, Brazil;Sé;-234826728;-466450873;N/A;https://bobs.com.br/;5;62;N/A;OPERATIONAL;N/A;establishment, food, point_of_interest, restaurant;N/A;2;5;N/A;True;N/A;N/A;N/A;N/A;True;Sé;alta;original
ChIJ_49zwVn3zpQRUIjuYds4bWU;Bob's Shakes - Shopping Santana Parque II;R. Conselheiro Moreira de Barros, 2780 - Lauzane Paulista, São Paulo - SP, 02430-001, Brazil;Sé;-234828892;-466450402;N/A;https://bobs.com.br/;5;24;N/A;OPERATIONAL;N/A;establishment, food, point_of_interest, restaurant;N/A;2;5;N/A;True;N/A;N/A;N/A;True;True;Sé;alta;original
ChIJB4B6kHf1zpQR3IaTEJotPUI;Bob's Shakes - Jaçanã;Av. Luís Stamatis, 431 - Jardim Jacana, São Paulo - SP, 02260-000, Brazil;Jaçanã;-234682814;-4,65809E+15;N/A;https://bobs.com.br/;5;12;N/A;OPERATIONAL;N/A;establishment, food, point_of_interest, restaurant;N/A;10;5;True;True;N/A;N/A;N/A;N/A;True;Jaçanã;alta;original
ChIJxXLkzOpezpQRs6tER7-RJJc;Bob's Burgers;Praça Sílvio Romero, 275 - Tatuapé, São Paulo - SP, 03323-000, Brazil;Tatuapé;-235456619;-465724222;(11) 3384-3842;http://www.bobs.com.br/;4.5;11;N/A;CLOSED_PERMANENTLY;N/A;establishment, food, point_of_interest, restaurant;N/A;1;5;N/A;N/A;N/A;N/A;N/A;N/A;N/A;Tatuapé;alta;original
ChIJzWa77YVdzpQRwr0qrcyt-FM;Bob's Batatas;Av. Cipriano Rodrigues, 55 - Vila Formosa, São Paulo - SP, 03361-010, Brazil;Vila Formosa;-235765686;-465220798;N/A;N/A;N/A;N/A;N/A;CLOSED_PERMANENTLY;N/A;establishment, food, point_of_interest, restaurant;N/A;0;0;True;N/A;N/A;N/A;N/A;N/A;N/A;Vila Formosa;alta;original
ChIJ0fvfgsRQzpQRKJogNdR6Eco;Bob's;Shopping Morumbi 15 L 1078 - Av. Roque Petroni Júnior - Morumbi, São Paulo - SP, 04707-900, Brazil;Morumbi;-236231311;-466987761;(11) 4003-4132;http://www.bobs.com.br/;N/A;N/A;N/A;CLOSED_PERMANENTLY;N/A;establishment, food, point_of_interest, restaurant;N/A;0;0;N/A;N/A;N/A;N/A;N/A;N/A;N/A;Morumbi;alta;original
ChIJH9VtVPVnzpQRMXeVVpKyB7A;Bob's Shakes - Itaquera Expansão;Av. José Pinheiro Borges, S/N - Vila Campanela, São Paulo - SP, 08220-900, Brazil;Sé;-235392999;-464579268;N/A;https://bobs.com.br/;4.9;215;N/A;OPERATIONAL;True;establishment, food, point_of_interest, restaurant;Monday: 10:00 AM – 10:00 PM | Tuesday: 10:00 AM – 10:00 PM | Wednesday: 10:00 AM – 10:00 PM | Thursday: 10:00 AM – 10:00 PM | Friday: 10:00 AM – 10:00 PM | Saturday: 10:00 AM – 10:00 PM | Sunday: 11:00 AM – 10:00 PM;4;5;N/A;True;N/A;N/A;N/A;N/A;True;Sé;alta;original
ChIJVQUdJKZnzpQRwDliC9Gy8Wo;Bob's Shakes - Shopping Metro Itaquera;Av. José Pinheiro Borges - Vila Campanela, São Paulo - SP, 08220-900, Brazil;Sé;-235400131;-464693607;N/A;https://bobs.com.br/;4.9;124;N/A;OPERATIONAL;True;establishment, food, point_of_interest, restaurant;Monday: 10:00 AM – 10:00 PM | Tuesday: 10:00 AM – 10:00 PM | Wednesday: 10:00 AM – 10:00 PM | Thursday: 10:00 AM – 10:00 PM | Friday: 10:00 AM – 10:00 PM | Saturday: 10:00 AM – 10:00 PM | Sunday: 11:00 AM – 10:00 PM;10;5;N/A;True;True;N/A;N/A;N/A;True;Sé;alta;original
ChIJ3StDlMRlzpQRC9wIeApgWWU;Bob's Shakes - Quiosque Assai Guaianases;Estr. Itaquera Guaianazes, 2671 - Parque Central, São Paulo - SP, 08420-495, Brazil;Itaquera;-235431675;-464239993;N/A;https://bobs.com.br/;N/A;N/A;N/A;OPERATIONAL;N/A;establishment, food, point_of_interest, restaurant;N/A;0;0;N/A;N/A;N/A;N/A;N/A;N/A;N/A;Itaquera;alta;original
ChIJV8Mxrd5bzpQRbu2QSdMmrPk;Bob's;Av. Dr. Ricardo Jafet, 945 - Vila Mariana, São Paulo - SP, 04280-020, Brazil;Vila Maria;-235848266;-466176563;(11) 3579-1500;http://www.bobs.com.br/;2.6;29;N/A;CLOSED_PERMANENTLY;N/A;establishment, food, point_of_interest, restaurant;N/A;5;5;N/A;N/A;N/A;N/A;N/A;N/A;N/A;Vila Maria;alta;original
ChIJKd7yd9pbzpQRs-HOWQheWbs;Bob's;Praça Leonor Kaupa, 100 - Bosque da Saúde, São Paulo - SP, 04151-900, Brazil;Saúde;-236197226;-46627125;(11) 98904-3204;https://www.bobs.com.br/;3.8;70;2;CLOSED_PERMANENTLY;N/A;establishment, food, point_of_interest, restaurant, store;N/A;1;5;N/A;True;N/A;N/A;N/A;N/A;True;Saúde;média;bairro
ChIJ8yb9ZrpRzpQRnM0YCSwe97c;Bob's Burgers;Shopping Fiesta - Av. Guarapiranga, 752 - Jardim São Luís (Zona Oeste), São Paulo - SP, 04762-000, Brazil;Jardim São Luís;-236650333;-467215904;(11) 5523-4681;http://bobs.com.br/;N/A;N/A;N/A;CLOSED_PERMANENTLY;N/A;establishment, food, point_of_interest, restaurant;N/A;0;0;N/A;N/A;N/A;N/A;N/A;N/A;N/A;Jardim São Luís;alta;original
ChIJafLTfb1ZzpQRQsarytfTTw0;Bob's Burgers;R. Treze de Maio, 1947 - Bela Vista, São Paulo - SP, 01327-001, Brazil;Bela Vista;-235705533;-466435249;(11) 3148-0767;https://www.bobs.com.br/;3.8;219;2;CLOSED_PERMANENTLY;N/A;establishment, food, point_of_interest, restaurant, store;N/A;10;5;True;True;True;N/A;N/A;N/A;True;Bela Vista;alta;original
ChIJFyL5jhz4zpQRx8O96QdzsKw;Bob's;Av. Otaviano Alves de Lima, 1824 - Limão, São Paulo - SP, 02701-000, Brazil;Limão;-235124381;-466745849;N/A;https://www.bobs.com.br/;3.9;12;2;CLOSED_PERMANENTLY;N/A;establishment, food, point_of_interest, restaurant;N/A;1;5;N/A;N/A;N/A;N/A;N/A;N/A;N/A;Limão;alta;original
ChIJAWKClMRQzpQRp6xVqtuN3YQ;Bob's Morumbi;Chácara Santo Antonio (Zona Sul), São Paulo - State of São Paulo, 04707-120, Brazil;Campo Belo;-236216289;-4,6698E+15;(11) 5181-6434;N/A;3;9;N/A;CLOSED_PERMANENTLY;N/A;establishment, food, point_of_interest, restaurant;N/A;8;5;True;N/A;N/A;N/A;N/A;N/A;N/A;Campo Belo;alta;original
ChIJXaO8Qa9WzpQRr_4mMp-AUfo;Bob's;Rua Edward Joseph, 33 - Vila Suzana, São Paulo - SP, 05709-020, Brazil;Sé;-236147886;-467417856;N/A;https://bobs.com.br/;2;2;N/A;CLOSED_PERMANENTLY;N/A;establishment, food, point_of_interest, restaurant;N/A;0;2;N/A;N/A;N/A;N/A;N/A;N/A;N/A;Sé;alta;original
ChIJsYXR5yRezpQRqJysrejarSk;Bob's;Av. Amador Bueno da Veiga, 2220 - Penha de França, São Paulo - SP, 03636-100, Brazil;Penha;-235228128;-465243309;N/A;http://www.bobs.com.br/;3.9;560;N/A;CLOSED_PERMANENTLY;N/A;establishment, food, point_of_interest, restaurant;N/A;10;5;N/A;True;N/A;N/A;N/A;N/A;False;Penha;alta;original
ChIJ6XpbzuJXzpQRTwHNc1gCwJg;Bob's - Quiosque Shop Bourbon;Bourbon Shopping Săo Paulo - R. Turiassu, 2100 - Perdizes, São Paulo - SP, 05005-030, Brazil;Perdizes;-2352653;-46680834;(11) 3672-9928;http://www.bobs.com.br/;3.5;4;N/A;CLOSED_PERMANENTLY;N/A;establishment, food, point_of_interest, restaurant;N/A;0;4;N/A;N/A;N/A;N/A;N/A;N/A;True;Perdizes;alta;original
ChIJ5zEEUm32zpQRtCN1YYlt4Mo;Bob's;Av. Dr. Antônio Maria Laet, 566 - Loja 06.3 - Tucuruvi, São Paulo - SP, 02240-000, Brazil;Tucuruvi;-234795295;-466024682;(11) 4873-0884;http://www.bobs.com.br;4;5;2;CLOSED_PERMANENTLY;N/A;establishment, food, point_of_interest, restaurant;N/A;1;5;N/A;N/A;N/A;N/A;N/A;N/A;N/A;Tucuruvi;alta;original
