﻿place_id;name;address;distrito;latitude;longitude;phone;website;rating;total_ratings;price_level;business_status;is_open_now;types;opening_hours;photos_count;reviews_count;delivery;dine_in;takeout;serves_breakfast;serves_dinner;serves_lunch;wheelchair_accessible_entrance;distrito_atualizado;confianca_distrito;metodo_distrito;year;month;day
ChIJjcRiB0lZzpQRGP06zbrhmq8;Habib's Mooca;Av. Paes de Barros, 251 - Mooca, São Paulo - SP, 03115-020, Brazil;Móoca;-235579602;-466001264;(11) 5696-6000;http://www.habibs.com.br/;3.7;4484;2;OPERATIONAL;True;establishment, food, point_of_interest, restaurant;Monday: 11:00 AM – 2:00 AM | Tuesday: 11:00 AM – 2:00 AM | Wednesday: 11:00 AM – 2:00 AM | Thursday: 11:00 AM – 2:00 AM | Friday: 11:00 AM – 2:00 AM | Saturday: 11:00 AM – 2:00 AM | Sunday: 11:00 AM – 12:00 AM;10;5;True;True;True;False;True;True;True;Mooca;alta;original;2025;8;30
ChIJ5VvrDxNczpQRNPMLBkGSs9E;Habib's Anhaia Mello;Av. Professor Luiz Ignácio Anhaia Mello, 1376 - Vila Prudente, São Paulo - SP, 03154-000, Brazil;Vila Prudente;-23585059;-465803969;(11) 5696-6000;http://www.habibs.com.br/;4;6724;2;OPERATIONAL;True;establishment, food, point_of_interest, restaurant;Monday: 9:00 AM – 11:30 PM | Tuesday: 9:00 AM – 11:30 PM | Wednesday: 9:00 AM – 10:00 PM | Thursday: 11:00 AM – 11:30 PM | Friday: 10:00 AM – 2:00 AM | Saturday: 10:00 AM – 2:00 AM | Sunday: 11:00 AM – 12:00 AM;10;5;True;True;True;N/A;True;True;True;Vila Prudente;alta;original;2025;8;30
ChIJEUTnNMhbzpQRxT6CdavIRdg;Habib's Ricardo Jafet;Av. Dr. Ricardo Jafet, 3000 - Bosque da Saúde, São Paulo - SP, 04123-020, Brazil;Saúde;-23601002;-466249262;(11) 5696-6000;http://www.habibs.com.br/;4;9234;2;OPERATIONAL;True;establishment, food, point_of_interest, restaurant;Monday: 11:00 AM – 5:00 AM | Tuesday: 11:00 AM – 5:00 AM | Wednesday: 11:00 AM – 5:00 AM | Thursday: 11:00 AM – 5:00 AM | Friday: 11:00 AM – 5:00 AM | Saturday: 11:00 AM – 5:00 AM | Sunday: 11:00 AM – 5:00 AM;10;5;True;True;True;False;True;True;True;Saúde;média;bairro;2025;8;30
ChIJLSihJcNezpQRW32kYvjJO44;Habib's Shopping Tatuapé 2;R. Gonçalves Crespo, 78 - Tatuapé, São Paulo - SP, 03066-030, Brazil;Tatuapé;-235388402;-465766252;(11) 5696-6000;http://www.habibs.com.br/;4;2403;2;OPERATIONAL;True;establishment, food, point_of_interest, restaurant;Monday: 10:00 AM – 10:00 PM | Tuesday: 10:00 AM – 10:00 PM | Wednesday: 10:00 AM – 10:00 PM | Thursday: 10:00 AM – 10:00 PM | Friday: 10:00 AM – 10:00 PM | Saturday: 10:00 AM – 10:00 PM | Sunday: 10:00 AM – 10:00 PM;10;5;True;True;True;N/A;True;True;N/A;Tatuapé;alta;original;2025;8;30
ChIJ9ysWVHRbzpQRbFDgUNiDOkQ;Habib's;Av. Teresa Paulo, 51 - Vila da Saúde, São Paulo - SP, 04293-007, Brazil;Saúde;-236186525;-466097782;(11) 5696-6000;http://www.habibs.com.br/;4;3136;2;OPERATIONAL;True;establishment, food, point_of_interest, restaurant;Monday: 9:00 AM – 2:00 AM | Tuesday: 9:00 AM – 4:00 AM | Wednesday: 9:00 AM – 4:00 AM | Thursday: 9:00 AM – 4:00 AM | Friday: 9:00 AM – 4:00 AM | Saturday: 9:00 AM – 4:00 AM | Sunday: 10:00 AM – 2:00 AM;10;5;True;True;True;True;True;True;True;Sacomã;alta;nominatim_reverse;2025;8;30
ChIJFRkEDQBZzpQRsMJqA_8yzUA;Habib's - Quiosque Shopping Light;R. Cel. Xavier de Toledo, 23 - 5º andar - República, São Paulo - SP, 01048-900, Brazil;República;-235476173;-466392154;(11) 95046-4547;https://www.habibs.com.br/;5;9;2;OPERATIONAL;True;establishment, food, point_of_interest, restaurant;Monday: 9:00 AM – 9:00 PM | Tuesday: 9:00 AM – 9:00 PM | Wednesday: 9:00 AM – 9:00 PM | Thursday: 9:00 AM – 9:00 PM | Friday: 9:00 AM – 9:00 PM | Saturday: 9:00 AM – 9:00 PM | Sunday: 12:00 – 6:00 PM;3;5;True;True;True;N/A;N/A;N/A;N/A;República;alta;original;2025;8;30
ChIJ7asz-npbzpQRKcjGxgtUER8;Habib's Sacomã;Praça Gaúcha, 204 - Sacomã, São Paulo - SP, 04247-020, Brazil;Sacomã;-236207997;-466024055;(11) 5696-6000;http://www.habibs.com.br/;3.9;5303;2;OPERATIONAL;True;establishment, food, point_of_interest, restaurant;Monday: Open 24 hours | Tuesday: Open 24 hours | Wednesday: Open 24 hours | Thursday: Open 24 hours | Friday: Open 24 hours | Saturday: Open 24 hours | Sunday: Open 24 hours;10;5;True;True;True;True;True;True;True;Sacomã;alta;original;2025;8;30
ChIJr5bDgY1gzpQRWqBuF9EMvpc;Habib's São Miguel;Av. São Miguel, 3455 - Vila Marieta, São Paulo - SP, 03871-000, Brazil;São Miguel;-235102232;-464988696;(11) 5696-6000;http://www.habibs.com.br/;3.7;6142;2;OPERATIONAL;True;establishment, food, point_of_interest, restaurant;Monday: 10:00 AM – 4:00 AM | Tuesday: 10:00 AM – 4:00 AM | Wednesday: 10:00 AM – 4:00 AM | Thursday: 10:00 AM – 4:00 AM | Friday: 10:00 AM – 4:00 AM | Saturday: 10:00 AM – 4:00 AM | Sunday: 10:00 AM – 4:00 AM;10;5;True;True;True;True;True;True;True;São Miguel;alta;original;2025;8;30
ChIJ54Yo7NRbzpQRhFjGabZk1C4;Habib's Lins de Vasconcelos;Av. Lins de Vasconcelos, 3045 - Vila Mariana, São Paulo - SP, 04112-011, Brazil;Vila Maria;-235882301;-466301747;(11) 5696-6000;http://www.habibs.com.br/;3.9;3933;2;OPERATIONAL;True;establishment, food, point_of_interest, restaurant;Monday: Open 24 hours | Tuesday: Open 24 hours | Wednesday: Open 24 hours | Thursday: Open 24 hours | Friday: Open 24 hours | Saturday: Open 24 hours | Sunday: Open 24 hours;10;5;True;True;True;True;True;True;True;Vila Maria;alta;original;2025;8;30
ChIJDd0K-D9ezpQRG86y3muBado;Habib's Radial I;Av. Conde de Frontin, 2254 - Vila Matilde, São Paulo - SP, 03501-000, Brazil;Vila Matilde;-235326896;-465357061;(11) 5696-6000;http://www.habibs.com.br/;3.8;7974;2;OPERATIONAL;True;establishment, food, point_of_interest, restaurant;Monday: 10:00 AM – 4:00 AM | Tuesday: 10:00 AM – 4:00 AM | Wednesday: 10:00 AM – 4:00 AM | Thursday: 10:00 AM – 4:00 AM | Friday: 10:00 AM – 2:00 AM | Saturday: 10:00 AM – 2:00 AM | Sunday: 10:00 AM – 4:00 AM;10;5;True;True;True;True;True;True;True;Vila Matilde;alta;original;2025;8;30
ChIJNSdh1vBdzpQRigR5ZFFxunM;Habib's Rio das Pedras;Av. Rio das Pedras, 10 - Jardim Aricanduva, São Paulo - SP, 03452-100, Brazil;Aricanduva;-235589676;-465216408;(11) 2783-9428;http://www.habibs.com.br/;3.7;4075;2;OPERATIONAL;True;establishment, food, point_of_interest, restaurant;Monday: 11:00 AM – 4:00 AM | Tuesday: 11:00 AM – 4:00 AM | Wednesday: 11:00 AM – 4:00 AM | Thursday: 11:00 AM – 4:00 AM | Friday: 11:00 AM – 6:00 AM | Saturday: 11:00 AM – 6:00 AM | Sunday: 11:00 AM – 4:00 AM;10;5;True;True;True;N/A;True;True;True;Aricanduva;alta;original;2025;8;30
ChIJh1zuNPRkzpQR8KvvBEWQ_no;Habib's - Fórum 7 de Setembro;Largo Sete de Setembro, 46 - Centro Histórico de São Paulo, São Paulo - SP, 01501-050, Brazil;Sé;-235527461;-466348412;(11) 5696-6000;https://www.habibs.com.br/;3.9;2469;2;OPERATIONAL;True;establishment, food, point_of_interest, restaurant;Monday: 9:00 AM – 9:00 PM | Tuesday: 9:00 AM – 9:00 PM | Wednesday: 9:00 AM – 9:00 PM | Thursday: 9:00 AM – 9:00 PM | Friday: 9:00 AM – 10:00 PM | Saturday: 9:00 AM – 10:00 PM | Sunday: Closed;10;5;True;True;True;True;True;True;True;Sé;alta;original;2025;8;30
ChIJ53lKLh5ZzpQRp4lIN9X0bBk;Habib's Concórdia;Largo da Concórdia, 88 - Brás, São Paulo - SP, 03012-010, Brazil;Brás;-235416838;-466161729;(11) 5696-6000;http://www.habibs.com.br/;3.9;327;2;OPERATIONAL;False;establishment, food, point_of_interest, restaurant;Monday: 9:00 AM – 6:00 PM | Tuesday: 9:00 AM – 6:00 PM | Wednesday: 9:00 AM – 6:00 PM | Thursday: 9:00 AM – 6:00 PM | Friday: 9:00 AM – 6:00 PM | Saturday: 9:00 AM – 6:00 PM | Sunday: Closed;10;5;True;True;True;N/A;True;True;True;Brás;alta;original;2025;8;30
ChIJt3GWct9nzpQRAUZNhT95hkM;Habib's Sapopemba;Av. Sapopemba, 11841 - Jardim Sapopemba, São Paulo - SP, 03989-010, Brazil;Sapopemba;-236121715;-4649412;(11) 5696-6000;http://www.habibs.com.br/;4.1;6360;2;OPERATIONAL;True;establishment, food, point_of_interest, restaurant;Monday: 11:00 AM – 12:00 AM | Tuesday: 11:00 AM – 12:00 AM | Wednesday: 11:00 AM – 12:00 AM | Thursday: 11:00 AM – 12:00 AM | Friday: 11:00 AM – 2:00 AM | Saturday: 11:00 AM – 2:00 AM | Sunday: 11:00 AM – 2:00 AM;10;5;True;True;True;False;True;True;True;Sapopemba;média;bairro;2025;8;30
ChIJR57aU69ZzpQRJkkqXjronfs;Habib's Liberdade 1;Av. da Liberdade, 1070 - Liberdade, São Paulo - SP, 01502-001, Brazil;Liberdade;-235619207;-466388601;(11) 5696-6000;http://www.habibs.com.br/;3.7;5506;2;OPERATIONAL;True;establishment, food, point_of_interest, restaurant;Monday: Open 24 hours | Tuesday: Open 24 hours | Wednesday: Open 24 hours | Thursday: Open 24 hours | Friday: Open 24 hours | Saturday: Open 24 hours | Sunday: 12:00 AM – 11:00 PM;10;5;True;True;True;True;True;True;True;Liberdade;alta;original;2025;8;30
ChIJIaYdHdpazpQRpGKvuVXHEvk;Habib's Jabaquara;Av. Eng. Armando de Arruda Pereira, 2285 - Jabaquara, São Paulo - SP, 04309-011, Brazil;Jabaquara;-236474634;-466397741;N/A;http://www.habibs.com.br/;3.9;14880;2;OPERATIONAL;True;establishment, food, point_of_interest, restaurant;Monday: Open 24 hours | Tuesday: Open 24 hours | Wednesday: Open 24 hours | Thursday: Open 24 hours | Friday: Open 24 hours | Saturday: Open 24 hours | Sunday: Open 24 hours;10;5;True;True;True;True;True;True;True;Jabaquara;alta;original;2025;8;30
ChIJNW3RUHFZzpQROuET2NEnxCM;Habib's Ipiranga;Av. Ipiranga, 794 - República, São Paulo - SP, 01039-000, Brazil;Ipiranga;-235427471;-466403336;(11) 3337-0443;http://www.habibs.com.br/;3.6;2622;2;OPERATIONAL;True;establishment, food, point_of_interest, restaurant;Monday: Open 24 hours | Tuesday: Open 24 hours | Wednesday: Open 24 hours | Thursday: Open 24 hours | Friday: Open 24 hours | Saturday: Open 24 hours | Sunday: Open 24 hours;10;5;True;True;True;False;True;True;True;Ipiranga;alta;original;2025;8;30
ChIJj9Hd0dVmzpQR3nZEuBQee-A;Habib's Artur Alvim;Av. Esperantina, 1171 - Artur Alvim, São Paulo - SP, 03692-000, Brazil;Artur Alvim;-235351961;-464757932;(11) 5696-6000;http://www.habibs.com.br/;3.9;2099;2;OPERATIONAL;True;establishment, food, point_of_interest, restaurant;Monday: 10:00 AM – 12:00 AM | Tuesday: 10:00 AM – 12:00 AM | Wednesday: 10:00 AM – 12:00 AM | Thursday: 10:00 AM – 12:00 AM | Friday: 10:00 AM – 2:00 AM | Saturday: 10:00 AM – 2:00 AM | Sunday: 10:00 AM – 12:00 AM;10;5;True;True;True;False;True;True;True;Artur Alvim;alta;original;2025;8;30
ChIJ_epMEOf3zpQR5sxAEGTF8xk;Habib's Braz Leme;Av. Braz Leme, 550 - Casa Verde, São Paulo - SP, 02511-000, Brazil;Casa Verde;-235099248;-466526556;(11) 5696-6000;http://www.habibs.com.br/;3.8;5726;2;OPERATIONAL;True;establishment, food, point_of_interest, restaurant;Monday: Open 24 hours | Tuesday: Open 24 hours | Wednesday: Open 24 hours | Thursday: Open 24 hours | Friday: Open 24 hours | Saturday: Open 24 hours | Sunday: Open 24 hours;10;5;True;True;True;False;True;True;True;Casa Verde;alta;original;2025;8;30
ChIJzygfbNBXzpQRkUPMtBXAk3s;Habib's - Cerro Corá;R. Cerro Corá, 307 - Alto da Lapa, São Paulo - SP, 05061-050, Brazil;Lapa;-235410911;-467000729;(11) 3796-0365;http://www.habibs.com.br/;4.4;4526;2;OPERATIONAL;True;establishment, food, point_of_interest, restaurant;Monday: 11:00 AM – 11:45 PM | Tuesday: 11:00 AM – 11:45 PM | Wednesday: 11:00 AM – 11:45 PM | Thursday: 11:00 AM – 11:45 PM | Friday: 11:00 AM – 11:45 PM | Saturday: 11:00 AM – 11:45 PM | Sunday: 11:00 AM – 11:45 PM;10;5;True;True;True;False;True;True;True;Lapa;alta;original;2025;8;30
ChIJX4RkGp9QzpQRDvPGuy0gHTQ;Habib's Vieira de Morais;R. Vieira de Morais, 832 - Campo Belo, São Paulo - SP, 04617-002, Brazil;Campo Belo;-236208069;-466737232;(11) 5535-9674;http://www.habibs.com.br/;3.9;3653;2;OPERATIONAL;True;establishment, food, point_of_interest, restaurant;Monday: 10:00 AM – 12:00 AM | Tuesday: 10:00 AM – 12:00 AM | Wednesday: 10:00 AM – 12:00 AM | Thursday: 10:00 AM – 12:00 AM | Friday: 10:00 AM – 12:00 AM | Saturday: 10:00 AM – 12:00 AM | Sunday: 10:00 AM – 12:00 AM;10;5;True;True;True;N/A;True;True;True;Campo Belo;alta;original;2025;8;30
ChIJ4xb6zT1nzpQRZPPVwArbTdU;Habib's Líder;Av. Líder, 1 - Itaquera, São Paulo - SP, 03586-000, Brazil;Itaquera;-235539973;-464912012;(11) 5696-6000;http://www.habibs.com.br/;3.8;3597;2;OPERATIONAL;True;establishment, food, point_of_interest, restaurant;Monday: 11:00 AM – 2:00 AM | Tuesday: 11:00 AM – 2:00 AM | Wednesday: 11:00 AM – 2:00 AM | Thursday: 11:00 AM – 2:00 AM | Friday: 11:00 AM – 2:00 AM | Saturday: 11:00 AM – 2:00 AM | Sunday: 11:00 AM – 2:00 AM;10;5;True;True;True;False;True;True;True;Itaquera;alta;original;2025;8;30
ChIJEf-5VABZzpQROjpGq6dV7jU;Habib's;R. Des. Eliseu Guilherme, 8 - Paraíso, São Paulo - SP, 04004-030, Brazil;Sé;-235719542;-466444551;N/A;https://www.habibs.com.br/;2.3;35;N/A;OPERATIONAL;True;establishment, food, point_of_interest, restaurant;Monday: 10:00 AM – 10:00 PM | Tuesday: 10:00 AM – 10:00 PM | Wednesday: 10:00 AM – 10:00 PM | Thursday: 10:00 AM – 10:00 PM | Friday: 10:00 AM – 10:00 PM | Saturday: 10:00 AM – 10:00 PM | Sunday: 10:00 AM – 8:30 PM;5;5;True;True;N/A;N/A;N/A;True;True;Sé;alta;original;2025;8;30
ChIJtyZ4NvJWzpQREBhw73p_e5M;Habib's - Francisco Morato;Av. Prof. Francisco Morato, 2689 - Butantã, São Paulo - SP, 05513-400, Brazil;Butantã;-235868574;-467245313;(11) 5696-6000;http://www.habibs.com.br/;3.6;7413;2;OPERATIONAL;True;establishment, food, point_of_interest, restaurant;Monday: 11:00 AM – 12:00 AM | Tuesday: 11:00 AM – 12:00 AM | Wednesday: 11:00 AM – 12:00 AM | Thursday: 11:00 AM – 12:00 AM | Friday: 11:00 AM – 12:00 AM | Saturday: 11:00 AM – 4:00 AM | Sunday: 11:00 AM – 12:00 AM;10;5;True;True;True;N/A;True;True;True;Butantã;alta;original;2025;8;30
ChIJPfI2-XD4zpQR129AUoyNR5w;Habib's Clélia;R. Clélia, 1542 - Lapa, São Paulo - SP, 05042-000, Brazil;Lapa;-235248123;-466975701;(11) 5696-6000;http://www.habibs.com.br/;3.8;2790;2;OPERATIONAL;True;establishment, food, point_of_interest, restaurant;Monday: 9:30 AM – 1:30 AM | Tuesday: 9:30 AM – 1:30 AM | Wednesday: 9:30 AM – 1:30 AM | Thursday: 9:30 AM – 1:30 AM | Friday: 9:30 AM – 1:30 AM | Saturday: 9:30 AM – 1:30 AM | Sunday: 9:30 AM – 1:30 AM;10;5;True;True;True;N/A;True;True;True;Lapa;alta;original;2025;8;30
ChIJTdoKIFj_zpQR4QyCnzB_jog;Habib's - Corifeu;Av. Corifeu de Azevedo Marques, 5970 - Jaguaré, São Paulo - SP, 05340-002, Brazil;Jaguaré;-235516959;-46757189;(11) 5696-6000;http://www.habibs.com.br/;3.9;3499;2;OPERATIONAL;True;establishment, food, point_of_interest, restaurant;Monday: 11:00 AM – 12:00 AM | Tuesday: 11:00 AM – 12:00 AM | Wednesday: 11:00 AM – 12:00 AM | Thursday: 11:00 AM – 12:00 AM | Friday: 11:00 AM – 12:00 AM | Saturday: 11:00 AM – 12:00 AM | Sunday: 11:00 AM – 12:00 AM;10;5;True;True;True;False;True;True;True;Jaguaré;alta;original;2025;8;30
ChIJyWBCd4xWzpQRmIZOOI53TnQ;Habib's Eliseu de Almeida;Av. Eliseu de Almeida, 2481 - Jardim Adhemar de Barros, São Paulo - SP, 05533-000, Brazil;Sé;-235876636;-467317782;(11) 3739-2581;https://www.habibs.com.br/;3.7;2943;2;OPERATIONAL;True;establishment, food, point_of_interest, restaurant;Monday: 11:00 AM – 12:00 AM | Tuesday: 11:00 AM – 12:00 AM | Wednesday: 11:00 AM – 12:00 AM | Thursday: 11:00 AM – 12:00 AM | Friday: 11:00 AM – 12:00 AM | Saturday: 11:00 AM – 12:00 AM | Sunday: 11:00 AM – 12:00 AM;10;5;True;True;True;N/A;True;True;True;Sé;alta;original;2025;8;30
ChIJxxj-SVT4zpQREULSMmrnSLA;Habib's Edgar Facó;Av. Gen. Edgar Facó, 730 - Freguesia do Ó, São Paulo - SP, 02924-000, Brazil;Freguesia do Ó;-234998039;-467061983;(11) 94764-5741;http://www.habibs.com.br/;4;5927;2;OPERATIONAL;True;establishment, food, point_of_interest, restaurant;Monday: 10:00 AM – 4:00 AM | Tuesday: 10:00 AM – 4:00 AM | Wednesday: 10:00 AM – 4:00 AM | Thursday: 10:00 AM – 4:00 AM | Friday: 10:00 AM – 5:00 AM | Saturday: 10:00 AM – 5:00 AM | Sunday: 10:00 AM – 4:00 AM;10;5;True;True;True;False;True;True;True;Freguesia do Ó;alta;original;2025;8;30
ChIJoy44egBRzpQRDTYaZaqsCKw;Habib's Mais Shopping;R. Amador Bueno, 229 - Santo Amaro, São Paulo - SP, 04752-005, Brazil;Santo Amaro;-236530286;-467105358;(11) 5696-6000;https://www.habibs.com.br/;2.1;16;2;OPERATIONAL;True;establishment, food, point_of_interest, restaurant;Monday: 11:00 AM – 10:00 PM | Tuesday: 11:00 AM – 10:00 PM | Wednesday: 11:00 AM – 10:00 PM | Thursday: 11:00 AM – 10:00 PM | Friday: 11:00 AM – 10:00 PM | Saturday: 11:00 AM – 10:00 PM | Sunday: 1:00 – 9:00 PM;3;5;N/A;True;N/A;N/A;N/A;True;True;Santo Amaro;alta;original;2025;8;30
ChIJ2z7fLbtXzpQRuzNX5bupbjo;Habib's;R. Vupabussu, 22 - Pinheiros, São Paulo - SP, 05429-040, Brazil;Pinheiros;-235597591;-46696804;(11) 3813-1721;http://www.habibs.com.br/;3.7;2168;2;CLOSED_PERMANENTLY;N/A;establishment, food, point_of_interest, restaurant;N/A;10;5;True;True;True;N/A;N/A;True;N/A;Pinheiros;alta;original;2025;8;30
ChIJi3FBppxXzpQRXkU0V3HUQmQ;Habib's;R. Teodoro Sampaio, 1145 - Pinheiros, São Paulo - SP, 05400-100, Brazil;Pinheiros;-235596851;-466807351;(11) 3081-3356;http://www.habibs.com.br/;3.7;2012;2;CLOSED_PERMANENTLY;N/A;establishment, food, point_of_interest, restaurant;N/A;10;5;True;N/A;True;N/A;N/A;True;N/A;Pinheiros;alta;original;2025;8;30
ChIJ14MSlkxQzpQR91TJ5-c_fOM;Habib's - Vitor Manzini;Av. Vítor Manzini, 450 - Santo Amaro, São Paulo - SP, 04745-060, Brazil;Santo Amaro;-236623779;-467071238;(11) 5696-6000;http://www.habibs.com.br/;3.9;7046;2;OPERATIONAL;True;establishment, food, meal_delivery, point_of_interest, restaurant;Monday: 11:00 AM – 12:00 AM | Tuesday: 11:00 AM – 12:00 AM | Wednesday: 11:00 AM – 12:00 AM | Thursday: 11:00 AM – 12:00 AM | Friday: 11:00 AM – 12:00 AM | Saturday: 11:00 AM – 12:00 AM | Sunday: 11:00 AM – 12:00 AM;10;5;True;True;True;False;True;True;True;Santo Amaro;alta;original;2025;8;30
ChIJYVVhRXRUzpQR-0Y3HiKKC-E;Habib's - Campo Limpo;Estr. do Campo Limpo, 3700 - Vila Prel, São Paulo - SP, 05777-000, Brazil;Campo Limpo;-236302691;-467700653;(11) 5841-7369;http://www.habibs.com.br/;3.9;9021;2;OPERATIONAL;True;establishment, food, point_of_interest, restaurant;Monday: Open 24 hours | Tuesday: Open 24 hours | Wednesday: Open 24 hours | Thursday: Open 24 hours | Friday: Open 24 hours | Saturday: Open 24 hours | Sunday: Open 24 hours;10;5;True;True;True;True;True;True;True;Campo Limpo;alta;original;2025;8;30
ChIJV5BFNRP5zpQRLBeWFJvl7h4;Habib's Pirituba;Av. Raimundo Pereira de Magalhães, 5574 - Vila Pirituba, São Paulo - SP, 02938-000, Brazil;Pirituba;-234830588;-467223503;(11) 5696-6000;http://www.habibs.com.br/;3.9;6577;2;OPERATIONAL;True;establishment, food, point_of_interest, restaurant;Monday: Open 24 hours | Tuesday: Open 24 hours | Wednesday: Open 24 hours | Thursday: Open 24 hours | Friday: Open 24 hours | Saturday: Open 24 hours | Sunday: Open 24 hours;10;5;True;True;True;False;True;True;True;Pirituba;alta;original;2025;8;30
ChIJiRuphExRzpQRPUdCkUr9p4M;Habib's - Giovanni Gronchi;Av. Giovanni Gronchi, 5091 - Vila Andrade, São Paulo - SP, 05724-003, Brazil;Vila Andrade;-236243057;-467336395;(11) 5696-6000;http://www.habibs.com.br/;3.9;4177;2;OPERATIONAL;True;establishment, food, point_of_interest, restaurant;Monday: 11:00 AM – 2:00 AM | Tuesday: 11:00 AM – 2:00 AM | Wednesday: 11:00 AM – 2:00 AM | Thursday: 11:00 AM – 2:00 AM | Friday: 11:00 AM – 2:00 AM | Saturday: 11:00 AM – 2:00 AM | Sunday: 11:00 AM – 2:00 AM;10;5;True;True;True;False;True;True;True;Vila Andrade;alta;original;2025;8;30
ChIJh88Vzh9QzpQRi6Ivom8f7Nc;Habib's Interlagos;Av. Interlagos, 3504 - Campo Grande, São Paulo - SP, 04660-006, Brazil;Campo Grande;-236804352;-466878586;(11) 5632-0637;http://www.habibs.com.br/;3.9;6460;2;OPERATIONAL;True;establishment, food, point_of_interest, restaurant;Monday: 9:00 AM – 4:00 AM | Tuesday: 9:00 AM – 4:00 AM | Wednesday: 9:00 AM – 4:00 AM | Thursday: 9:00 AM – 4:00 AM | Friday: 9:00 AM – 4:00 AM | Saturday: 9:00 AM – 4:00 AM | Sunday: 9:00 AM – 4:00 AM;10;5;True;True;True;False;True;True;True;Campo Grande;alta;original;2025;8;30
ChIJ6ZajqGL3zpQR4ej6viIEajU;Habib's Itaberaba;Av. Itaberaba, 5015 - Vila Nova Cachoeirinha, São Paulo - SP, 02739-000, Brazil;Cachoeirinha;-234740169;-466704817;(11) 5696-6000;http://www.habibs.com.br/;3.8;6022;2;OPERATIONAL;True;establishment, food, point_of_interest, restaurant;Monday: Open 24 hours | Tuesday: Open 24 hours | Wednesday: Open 24 hours | Thursday: Open 24 hours | Friday: Open 24 hours | Saturday: Open 24 hours | Sunday: Open 24 hours;10;5;True;True;True;False;True;True;True;Cachoeirinha;alta;original;2025;8;30
ChIJiSMaM91TzpQRGtaebnAgUfs;Habib's - Shopping Campo Limpo;Estr. do Campo Limpo, 459 - Loja 116/117 - Vila Prel, São Paulo - SP, 05777-001, Brazil;Campo Limpo;-236487345;-467574805;(11) 5696-6000;https://www.habibs.com.br/;4;2838;2;OPERATIONAL;True;establishment, food, point_of_interest, restaurant;Monday: 10:00 AM – 10:00 PM | Tuesday: 10:00 AM – 10:00 PM | Wednesday: 10:00 AM – 10:00 PM | Thursday: 10:00 AM – 10:00 PM | Friday: 10:00 AM – 10:00 PM | Saturday: 10:00 AM – 10:00 PM | Sunday: 10:00 AM – 10:00 PM;10;5;True;True;True;N/A;True;True;True;Campo Limpo;alta;original;2025;8;30
ChIJ29xHr69mzpQRPOkKwB8Hwi8;Habib's Shopping Itaquera;Av. José Pinheiro Borges, S/N - Vila Campanela, São Paulo - SP, 08220-385, Brazil;Sé;-2354064;-464688785;(11) 5696-6000;http://www.habibs.com.br/;4.1;2205;2;OPERATIONAL;True;establishment, food, point_of_interest, restaurant;Monday: 10:00 AM – 10:30 PM | Tuesday: 10:00 AM – 10:30 PM | Wednesday: 10:00 AM – 10:30 PM | Thursday: 10:00 AM – 10:30 PM | Friday: 10:00 AM – 10:30 PM | Saturday: 10:00 AM – 10:30 PM | Sunday: 10:00 AM – 10:30 PM;10;5;True;True;True;N/A;True;True;True;Sé;alta;original;2025;8;30
ChIJ5fp1JW9nzpQRMgAz711_H1g;Habib's;Av. Aricanduva, 5555 - Jardim Marília, São Paulo - SP, 03527-000, Brazil;Aricanduva;-235651203;-46503161;(11) 3444-2298;http://www.habibs.com.br/;4.1;4791;2;CLOSED_PERMANENTLY;N/A;establishment, food, point_of_interest, restaurant;N/A;10;5;True;N/A;True;N/A;True;True;N/A;Aricanduva;alta;original;2025;8;30
ChIJ8VpWi8lezpQRxXu8Xh8sLus;Habib's;R. Tobias Barreto, 964 - Mooca, São Paulo - SP, 03176-001, Brazil;Móoca;-235500838;-465881816;(11) 2606-0499;http://www.habibs.com.br/;3.5;22;N/A;CLOSED_PERMANENTLY;N/A;establishment, food, point_of_interest, restaurant;N/A;3;5;N/A;True;N/A;N/A;N/A;N/A;N/A;Mooca;alta;original;2025;8;30
ChIJR6szNlBYzpQR5T7vfN93wqo;Habib's;Av. Rio Branco, 199 - República, São Paulo - SP, 01202-000, Brazil;República;-235411909;-466392904;N/A;http://www.habibs.com.br/;3.7;3425;2;CLOSED_PERMANENTLY;N/A;establishment, food, point_of_interest, restaurant;N/A;10;5;True;N/A;True;N/A;N/A;True;True;República;alta;original;2025;8;30
ChIJRT7Khzr5zpQR7NdnGnqmzfk;Habibi Shawarma;R. São Leonardo, 32 - Freguesia do Ó, São Paulo - SP, 02803-000, Brazil;Freguesia do Ó;-234851754;-466921152;(11) 97379-6868;https://instagram.com/habibishawarma_?igshid=MzRlODBiNWFlZA==;4.8;76;N/A;OPERATIONAL;True;establishment, food, point_of_interest, restaurant;Monday: Closed | Tuesday: 12:00 – 10:00 PM | Wednesday: 12:00 – 10:00 PM | Thursday: 12:00 – 10:00 PM | Friday: 12:00 – 10:30 PM | Saturday: 12:00 – 10:00 PM | Sunday: Closed;10;5;True;True;True;N/A;True;True;N/A;Freguesia do Ó;alta;original;2025;8;30
ChIJ3btfbi1JzpQRDo_wxgeu-PM;Habib's Teotônio Vilela;Av. Sen. Teotônio Vilela, 8300 - Jardim Casa Grande, São Paulo - SP, 04858-002, Brazil;Sé;-237687855;-4,67178E+15;(11) 5696-6000;http://www.habibs.com.br/;4;5545;2;OPERATIONAL;True;establishment, food, point_of_interest, restaurant;Monday: 11:00 AM – 12:00 AM | Tuesday: 11:00 AM – 12:00 AM | Wednesday: 11:00 AM – 12:00 AM | Thursday: 11:00 AM – 12:00 AM | Friday: 11:00 AM – 12:00 AM | Saturday: 11:00 AM – 12:00 AM | Sunday: 11:00 AM – 12:00 AM;10;5;True;True;True;N/A;True;True;True;Sé;alta;original;2025;8;30
ChIJEzpz42P3zpQRWYGv1KfIU_4;Habib's Shopping Metro Tucuruvi (Quiosque);R. Paranabi, 218-224 - Tucuruvi, São Paulo - SP, 02307-120, Brazil;Tucuruvi;-234811647;-466039593;(11) 5695-6000;https://www.habibs.com.br/;4.5;4;2;OPERATIONAL;True;establishment, food, point_of_interest, restaurant;Monday: 8:00 AM – 10:00 PM | Tuesday: 8:00 AM – 10:00 PM | Wednesday: 8:00 AM – 10:00 PM | Thursday: 8:00 AM – 10:00 PM | Friday: 8:00 AM – 10:00 PM | Saturday: 8:00 AM – 10:00 PM | Sunday: 9:00 AM – 10:00 PM;1;4;False;True;True;N/A;N/A;N/A;True;Tucuruvi;alta;original;2025;8;30
ChIJ48NL6BhnzpQRkVAQidB12Ig;Habib's Itapitanga;Av. Itaquera, 6904 - Vila Carmosina, São Paulo - SP, 08295-000, Brazil;Itaquera;-235504057;-464619764;(11) 5696-6000;http://www.habibs.com.br/;4;4097;2;OPERATIONAL;True;establishment, food, point_of_interest, restaurant;Monday: 11:00 AM – 12:00 AM | Tuesday: 11:00 AM – 12:00 AM | Wednesday: 11:00 AM – 12:00 AM | Thursday: 11:00 AM – 12:00 AM | Friday: 11:00 AM – 2:00 AM | Saturday: 11:00 AM – 2:00 AM | Sunday: 11:00 AM – 2:00 AM;10;5;True;True;True;N/A;True;True;True;Itaquera;alta;original;2025;8;30
ChIJuxujV71mzpQRV-F5buvb-p4;Habib's Jacu Pêssego 1;Av. Jacu-Pêssego, 1635 - Jardim Helian, São Paulo - SP, 08270-000, Brazil;Sé;-235729425;-464463842;(11) 2522-3895;http://www.habibs.com.br/;3.6;5385;2;OPERATIONAL;True;establishment, food, point_of_interest, restaurant;Monday: 9:00 AM – 2:00 AM | Tuesday: 9:00 AM – 2:00 AM | Wednesday: 9:00 AM – 2:00 AM | Thursday: 9:00 AM – 2:00 AM | Friday: 9:00 AM – 2:00 AM | Saturday: 9:00 AM – 2:00 AM | Sunday: 9:00 AM – 2:00 AM;10;5;True;True;True;False;True;True;True;Sé;alta;original;2025;8;30
ChIJ652CzRFPzpQRd8sSNSFP56Q;Habib's Grajaú;Av. Dona Belmira Marin, 111 - Grajaú, São Paulo - SP, 04846-010, Brazil;Grajaú;-237325537;-466969465;(11) 5696-6000;http://www.habibs.com.br/;4.1;6675;2;OPERATIONAL;True;establishment, food, point_of_interest, restaurant;Monday: 11:00 AM – 12:00 AM | Tuesday: 11:00 AM – 12:00 AM | Wednesday: 11:00 AM – 12:00 AM | Thursday: 11:00 AM – 12:00 AM | Friday: 11:00 AM – 1:00 AM | Saturday: 11:00 AM – 1:00 AM | Sunday: 11:00 AM – 12:00 AM;10;5;True;True;True;False;True;True;True;Grajaú;alta;original;2025;8;30
ChIJxZcbE_hkzpQRVE_RuwO6vtk;Habib's;Estr. do Lageado Velho, 987 - Guaianases, São Paulo - SP, 08451-000, Brazil;Guaianases;-23534253;-46400174;N/A;http://www.habibs.com.br/;3.6;2460;2;CLOSED_PERMANENTLY;N/A;establishment, food, meal_takeaway, point_of_interest, restaurant;N/A;10;5;True;True;True;False;True;True;True;Guaianases;alta;original;2025;8;30
ChIJZ5idIgD3zpQR9N6cp1Kkb_s;Habib´s Tucuruvi;R. Paulo de Faria, 133-167 - Tucuruvi, São Paulo - SP, 02307-120, Brazil;Tucuruvi;-234803255;-466029192;N/A;https://www.habibs.com.br/;1;3;N/A;OPERATIONAL;N/A;establishment, food, point_of_interest, restaurant;N/A;7;3;N/A;True;N/A;N/A;N/A;N/A;N/A;Tucuruvi;alta;original;2025;8;30
ChIJz2dcptRazpQR99kgkUO2S-k;Habib's;R. José Bonifácio, 124 - São Sebastiao, São Paulo - SP, 01003-001, Brazil;José Bonifácio;-235487986;-466356341;(11) 3106-1022;http://www.habibs.com.br/;3.8;1136;2;CLOSED_PERMANENTLY;N/A;establishment, food, point_of_interest, restaurant;N/A;10;5;N/A;N/A;True;N/A;N/A;True;N/A;José Bonifácio;alta;original;2025;8;30
ChIJS7FnULRWzpQRWDQz6Ifio0Y;Habib's;Av. Jules Rimet, 526 - Morumbi, São Paulo - SP, 05653-050, Brazil;Morumbi;-236007321;-467193286;(11) 2359-5385;http://www.habibs.com.br/;3.5;51;N/A;CLOSED_PERMANENTLY;N/A;establishment, food, point_of_interest, restaurant;N/A;10;5;N/A;N/A;N/A;N/A;N/A;N/A;N/A;Morumbi;alta;original;2025;8;30
ChIJZe0qU8JWzpQR3KQ6Wgt7zm0;Habib's;Av. Giovanni Gronchi - Morumbi, São Paulo - SP, 05622, Brazil;Morumbi;-235997961;-467217067;N/A;https://www.habibs.com.br/;N/A;N/A;N/A;CLOSED_PERMANENTLY;N/A;establishment, food, point_of_interest, restaurant;N/A;0;0;N/A;N/A;N/A;N/A;N/A;N/A;N/A;Morumbi;alta;original;2025;8;30
ChIJbUF8wYVZzpQR7Mcj6FJRMps;Habib's Rodrigues Alves;Av. Conselheiro Rodrigues Alves, 181 - Vila Mariana, São Paulo - SP, 04014-010, Brazil;Sé;-23582644;-466402361;(11) 5696-6000;http://www.habibs.com.br/;3.7;4491;2;CLOSED_PERMANENTLY;N/A;establishment, food, meal_delivery, point_of_interest, restaurant;N/A;10;5;True;True;True;True;True;True;N/A;Sé;alta;original;2025;8;30
ChIJ9erv3YpXzpQRRsiyp78C4tQ;Habib's;R. Cardoso de Almeida, 1549 - Perdizes, São Paulo - SP, 05013-001, Brazil;Perdizes;-235434865;-466724758;(11) 5696-2828;http://www.habibs.com.br/;3.8;2058;2;CLOSED_PERMANENTLY;N/A;establishment, food, point_of_interest, restaurant;N/A;10;5;True;True;True;N/A;True;True;True;Perdizes;alta;original;2025;8;30
ChIJEw_sP1VQzpQRWLXOAoEzx3Y;Habib's;Praça Floriano Peixoto, 266 - Santo Amaro, São Paulo - SP, 04751-030, Brazil;Santo Amaro;-236512317;-467081566;(11) 98744-0574;http://www.habibs.com.br/;3.9;2612;2;CLOSED_PERMANENTLY;N/A;establishment, food, point_of_interest, restaurant;N/A;10;5;True;True;True;N/A;N/A;True;N/A;Santo Amaro;alta;original;2025;8;30
ChIJVSdWLapbzpQR86XBVhiggXY;Habibs;Praça Leonor Kaupa, 100 - Bosque da Saúde, São Paulo - SP, 04151-100, Brazil;Saúde;-236199837;-466265081;N/A;http://www.habibs.com.br/;3.5;6;N/A;CLOSED_PERMANENTLY;N/A;establishment, food, point_of_interest, restaurant;N/A;0;5;N/A;N/A;N/A;N/A;N/A;N/A;N/A;Saúde;média;bairro;2025;8;30
ChIJI2JKI_L2zpQRK0vbGoYZ2f8;Habib's;R. Maria Amália Lopes Azevedo, 899 - Tremembé, São Paulo - SP, 02350-000, Brazil;Tremembé;-234575733;-466169034;(11) 2203-0102;http://www.habibs.com.br/;3.9;4610;2;CLOSED_PERMANENTLY;N/A;establishment, food, point_of_interest, restaurant;N/A;10;5;True;N/A;True;N/A;True;True;N/A;Tremembé;alta;original;2025;8;30
