﻿place_id;name;address;distrito;latitude;longitude;phone;website;rating;total_ratings;price_level;business_status;is_open_now;types;opening_hours;photos_count;reviews_count;delivery;dine_in;takeout;serves_breakfast;serves_dinner;serves_lunch;wheelchair_accessible_entrance;distrito_atualizado;confianca_distrito;metodo_distrito
ChIJ5TIVtiRfzpQRsKbrZeuuqv8;Burger King;Av. Salim Farah Maluf, 4750 - Tatuape, São Paulo - SP, 03076-000, Brazil;Tatuapé;-235630485;-465762728;N/A;https://burgerking.harmo.me/;4;2238;2;OPERATIONAL;True;establishment, food, meal_delivery, point_of_interest, restaurant;Monday: 11:00 AM – 4:00 AM | Tuesday: 11:00 AM – 4:00 AM | Wednesday: 11:00 AM – 4:00 AM | Thursday: 11:00 AM – 4:00 AM | Friday: 11:00 AM – 4:00 AM | Saturday: 11:00 AM – 4:00 AM | Sunday: 11:00 AM – 4:00 AM;10;5;True;True;True;N/A;True;True;True;Tatuapé;alta;original
ChIJj4FyTgBbzpQREjIoiOCqJ3c;Burger King Extra Ricardo Jafet 1501;Av. Dr. Ricardo Jafet, 1501 - Ipiranga, São Paulo - SP, 04260-020, Brazil;Ipiranga;-235893741;-4,66188E+15;N/A;https://www.burgerking.com.br/;3.3;22;N/A;OPERATIONAL;True;establishment, food, point_of_interest, restaurant;Monday: 10:00 AM – 10:00 PM | Tuesday: 10:00 AM – 10:00 PM | Wednesday: Closed | Thursday: 10:00 AM – 10:00 PM | Friday: 10:00 AM – 10:00 PM | Saturday: 10:00 AM – 10:00 PM | Sunday: 10:00 AM – 9:00 PM;10;5;N/A;True;N/A;N/A;N/A;N/A;True;Ipiranga;alta;original
ChIJG9XQqJxbzpQRDIoo_oZK6Us;Burger King;Av. Dr. Ricardo Jafet, 0 - Ipiranga, São Paulo - SP, 04260-020, Brazil;Ipiranga;-235916952;-466200931;N/A;https://burgerking.harmo.me/;3.8;1987;2;OPERATIONAL;True;establishment, food, meal_delivery, point_of_interest, restaurant;Monday: 10:00 AM – 10:00 PM | Tuesday: 10:00 AM – 10:00 PM | Wednesday: 10:00 AM – 10:00 PM | Thursday: 10:00 AM – 10:00 PM | Friday: 10:00 AM – 10:00 PM | Saturday: 10:00 AM – 10:00 PM | Sunday: 10:00 AM – 10:00 PM;10;5;True;True;True;N/A;True;True;True;Ipiranga;alta;original
ChIJj8YVVkJbzpQRnc9j5MxICRg;Burger King;Rod. Anchieta, 1954 - Sacomã, São Paulo - SP, 04246-002, Brazil;Sacomã;-236187562;-466019452;N/A;https://burgerking.harmo.me/;4;3486;2;OPERATIONAL;True;establishment, food, meal_delivery, point_of_interest, restaurant;Monday: 11:00 AM – 4:00 AM | Tuesday: 11:00 AM – 4:00 AM | Wednesday: 11:00 AM – 4:00 AM | Thursday: 11:00 AM – 4:00 AM | Friday: 11:00 AM – 4:00 AM | Saturday: 11:00 AM – 4:00 AM | Sunday: 11:00 AM – 4:00 AM;10;5;True;True;True;N/A;True;True;True;Sacomã;alta;original
ChIJJe5aAvhbzpQRtl8TGFCX7bA;Burger King;R. Cap. Pacheco e Chaves, 313 - Mooca, São Paulo - SP, 03126-000, Brazil;Móoca;-235802609;-4,65941E+15;N/A;https://burgerking.harmo.me/;3.9;1008;2;OPERATIONAL;True;establishment, food, meal_delivery, point_of_interest, restaurant;Monday: 10:00 AM – 10:00 PM | Tuesday: 10:00 AM – 10:00 PM | Wednesday: 10:00 AM – 10:00 PM | Thursday: 10:00 AM – 10:00 PM | Friday: 10:00 AM – 10:00 PM | Saturday: 10:00 AM – 10:00 PM | Sunday: 11:00 AM – 10:00 PM;10;5;True;True;True;N/A;True;True;True;Mooca;alta;original
ChIJAfzScPVbzpQR8rk1UMYmRKU;Burger King;Rua Arcipreste Ezequias, 754 - Vila São José, São Paulo - SP, 04271-060, Brazil;Sé;-23591673;-466201062;N/A;https://burgerking.harmo.me/;4.1;1866;2;OPERATIONAL;True;establishment, food, meal_delivery, point_of_interest, restaurant;Monday: 11:00 AM – 4:00 AM | Tuesday: 11:00 AM – 4:00 AM | Wednesday: 11:00 AM – 4:00 AM | Thursday: 11:00 AM – 4:00 AM | Friday: 11:00 AM – 4:00 AM | Saturday: 11:00 AM – 4:00 AM | Sunday: 11:00 AM – 4:00 AM;10;5;True;True;True;False;True;True;True;Sé;alta;original
ChIJJ0UFPqxbzpQRyFVgLKKMnMY;Burger King;Praça Leonor Kaupa, 100 - Bosque da Saúde, São Paulo - SP, 04151-100, Brazil;Saúde;-236198784;-466270706;N/A;https://burgerking.harmo.me/;4;2493;2;OPERATIONAL;True;establishment, food, meal_delivery, point_of_interest, restaurant;Monday: 10:00 AM – 10:00 PM | Tuesday: 10:00 AM – 10:00 PM | Wednesday: 10:00 AM – 10:00 PM | Thursday: 10:00 AM – 10:00 PM | Friday: 10:00 AM – 10:00 PM | Saturday: 10:00 AM – 10:00 PM | Sunday: 11:00 AM – 10:00 PM;10;5;True;True;True;N/A;True;True;True;Saúde;média;bairro
ChIJk3ojgjFazpQRPWE0pJOET4o;Burger King;R. Domingos de Morais, 2564 - Vila Mariana, São Paulo - SP, 04036-100, Brazil;Vila Maria;-2359909;-466372072;N/A;https://burgerking.harmo.me/;3.9;1678;2;OPERATIONAL;True;establishment, food, meal_delivery, point_of_interest, restaurant;Monday: 10:00 AM – 10:00 PM | Tuesday: 10:00 AM – 10:00 PM | Wednesday: 10:00 AM – 10:00 PM | Thursday: 10:00 AM – 10:00 PM | Friday: 10:00 AM – 10:00 PM | Saturday: 10:00 AM – 10:00 PM | Sunday: 11:00 AM – 9:00 PM;10;5;True;True;True;N/A;N/A;True;True;Vila Maria;alta;original
ChIJV8a46v9ezpQRzvaoHV_09qA;Burger King;Av. Condessa Elisabeth de Robiano, 1800 Vila Moreira - Penha de França, São Paulo - SP, 03074-000, Brazil;Penha;-235223628;-465552838;N/A;https://burgerking.harmo.me/;3.8;8366;2;OPERATIONAL;True;establishment, food, meal_delivery, point_of_interest, restaurant;Monday: 11:00 AM – 4:00 AM | Tuesday: 11:00 AM – 4:00 AM | Wednesday: 11:00 AM – 4:00 AM | Thursday: 11:00 AM – 4:00 AM | Friday: 11:00 AM – 4:00 AM | Saturday: 11:00 AM – 4:00 AM | Sunday: 11:00 AM – 4:00 AM;10;5;True;True;True;False;True;True;True;Penha;alta;original
ChIJG-meUDZZzpQRFJIsAObjYos;Burger King;Rua Javari, 403 - Mooca, São Paulo - SP, 03112-100, Brazil;Móoca;-23553938;-466007367;N/A;https://burgerking.harmo.me/;3.9;1869;2;OPERATIONAL;True;establishment, food, meal_delivery, point_of_interest, restaurant;Monday: 10:00 AM – 10:00 PM | Tuesday: 10:00 AM – 10:00 PM | Wednesday: 10:00 AM – 10:00 PM | Thursday: 10:00 AM – 10:00 PM | Friday: 10:00 AM – 10:00 PM | Saturday: 10:00 AM – 10:00 PM | Sunday: 10:00 AM – 8:00 PM;10;5;True;True;True;N/A;True;True;True;Mooca;alta;original
ChIJyR4cS2FbzpQRbf-1a05tvQ8;Burger King;Av. Marginal Direita Anchieta, 3398 - Sacoma, São Paulo - SP, 04182-001, Brazil;Sacomã;-236318084;-46598959;N/A;https://burgerking.harmo.me/;3.1;178;2;OPERATIONAL;True;establishment, food, meal_delivery, point_of_interest, restaurant;Monday: 10:00 AM – 10:00 PM | Tuesday: 10:00 AM – 10:00 PM | Wednesday: 10:00 AM – 10:00 PM | Thursday: 10:00 AM – 10:00 PM | Friday: 10:00 AM – 10:00 PM | Saturday: 10:00 AM – 10:00 PM | Sunday: 10:00 AM – 10:00 PM;10;5;True;True;True;N/A;N/A;True;True;Sacomã;alta;original
ChIJwT3moDtZzpQRVJBEb9okl4Q;Burger King;Av. Alcântara Machado, 1884 - Brás, São Paulo - SP, 03102-004, Brazil;Brás;-2355004;-4,66059E+15;N/A;https://burgerking.harmo.me/;3.8;10353;2;OPERATIONAL;True;establishment, food, meal_delivery, point_of_interest, restaurant;Monday: 11:00 AM – 4:00 AM | Tuesday: 11:00 AM – 4:00 AM | Wednesday: 11:00 AM – 4:00 AM | Thursday: 11:00 AM – 4:00 AM | Friday: 11:00 AM – 4:00 AM | Saturday: 11:00 AM – 4:00 AM | Sunday: 11:00 AM – 4:00 AM;10;5;True;True;True;False;True;True;True;Brás;alta;original
ChIJma9raBNazpQRcbUeszvJG58;Burger King;Av. Moreira Guimarães, 700 - Moema, São Paulo - SP, 04074-020, Brazil;Moema;-236116823;-466568437;N/A;https://burgerking.harmo.me/;4.1;9214;2;OPERATIONAL;True;establishment, food, meal_delivery, point_of_interest, restaurant;Monday: 11:00 AM – 4:00 AM | Tuesday: 11:00 AM – 4:00 AM | Wednesday: 11:00 AM – 4:00 AM | Thursday: 11:00 AM – 4:00 AM | Friday: 11:00 AM – 4:00 AM | Saturday: 11:00 AM – 4:00 AM | Sunday: 11:00 AM – 4:00 AM;10;5;True;True;True;False;True;True;True;Moema;alta;original
ChIJlTQHLb9ZzpQREx81WxKMHnM;Burger King;Av. Brigadeiro Luís Antônio, 633 - Jardim Paulista, São Paulo - SP, 01311-000, Brazil;Jardim Paulista;-235678293;-466493173;N/A;https://burgerking.harmo.me/;4.1;17742;2;OPERATIONAL;True;establishment, food, meal_delivery, point_of_interest, restaurant;Monday: 9:00 AM – 2:00 AM | Tuesday: 9:00 AM – 2:00 AM | Wednesday: 9:00 AM – 2:00 AM | Thursday: 9:00 AM – 2:00 AM | Friday: 9:00 AM – 2:00 AM | Saturday: 9:00 AM – 2:00 AM | Sunday: 9:00 AM – 2:00 AM;10;5;True;True;True;False;True;True;True;Jardim Paulista;alta;original
ChIJlwriIGRZzpQRCh718NqFT0w;Burger King - Pátio Metrô São Bento;Largo São Bento, 109 - Centro Histórico de São Paulo, São Paulo - SP, 01029-010, Brazil;Centro;-235442441;-466340917;N/A;https://patiosaobento.com.br/loja/burger-king/;3.3;73;2;OPERATIONAL;True;establishment, food, point_of_interest, restaurant;Monday: 9:00 AM – 9:00 PM | Tuesday: 9:00 AM – 9:00 PM | Wednesday: 9:00 AM – 9:00 PM | Thursday: 9:00 AM – 9:00 PM | Friday: 9:00 AM – 9:00 PM | Saturday: 9:00 AM – 9:00 PM | Sunday: Closed;10;5;True;True;True;N/A;N/A;True;True;;baixa;nao_identificado
ChIJ6ZvFUq9ZzpQR46AnMpx0_iQ;Burger King;Av. da Liberdade, 593 - Liberdade, São Paulo - SP, 01503-001, Brazil;Liberdade;-235580754;-466367262;N/A;https://burgerking.harmo.me/;3.9;6126;2;OPERATIONAL;True;establishment, food, meal_delivery, point_of_interest, restaurant;Monday: 10:00 AM – 10:00 PM | Tuesday: 10:00 AM – 10:00 PM | Wednesday: 10:00 AM – 10:00 PM | Thursday: 10:00 AM – 10:00 PM | Friday: 10:00 AM – 10:00 PM | Saturday: 10:00 AM – 10:00 PM | Sunday: 10:00 AM – 10:00 PM;10;5;False;True;True;False;True;True;True;Liberdade;alta;original
ChIJ3Wb8ghpdzpQRY0HZx9uvjkM;Burger King;Av. Aricanduva, 5555 - Shopping Interlar - Aricanduva, São Paulo - SP, 03527-906, Brazil;Aricanduva;-235555299;-465164392;N/A;https://burgerking.harmo.me/;1.8;5;N/A;OPERATIONAL;True;establishment, food, meal_delivery, point_of_interest, restaurant;Monday: 10:00 AM – 10:00 PM | Tuesday: 10:00 AM – 10:00 PM | Wednesday: 10:00 AM – 10:00 PM | Thursday: 10:00 AM – 10:00 PM | Friday: 10:00 AM – 10:00 PM | Saturday: 10:00 AM – 10:00 PM | Sunday: 10:00 AM – 10:00 PM;10;5;True;N/A;N/A;N/A;N/A;N/A;N/A;Aricanduva;alta;original
ChIJZ9v5gfpbzpQRPDXuTXVEoMY;Burger King;Av. José Maria Whitaker, 418 - Planalto Paulista, São Paulo - SP, 04026-002, Brazil;Sé;-2360559;-4664939;N/A;https://burgerking.harmo.me/;3.7;2339;2;OPERATIONAL;True;establishment, food, meal_delivery, point_of_interest, restaurant;Monday: 10:00 AM – 10:30 PM | Tuesday: 10:00 AM – 10:30 PM | Wednesday: 10:00 AM – 10:30 PM | Thursday: 10:00 AM – 10:30 PM | Friday: 10:00 AM – 10:30 PM | Saturday: 10:00 AM – 10:30 PM | Sunday: 10:00 AM – 10:30 PM;10;5;True;True;True;False;True;True;True;Sé;alta;original
ChIJ-4aIvy5fzpQRXUJo0QuYFW0;Burger King;Rua Doutor - R. Melo Freire, S/N - Tatuapé, São Paulo - SP, 03314-030, Brazil;Tatuapé;-235418344;-465770214;N/A;https://burgerking.harmo.me/;3.9;889;2;OPERATIONAL;True;establishment, food, meal_delivery, point_of_interest, restaurant;Monday: 10:00 AM – 10:00 PM | Tuesday: 10:00 AM – 10:00 PM | Wednesday: 10:00 AM – 10:00 PM | Thursday: 10:00 AM – 10:00 PM | Friday: 10:00 AM – 10:00 PM | Saturday: 10:00 AM – 10:00 PM | Sunday: 11:00 AM – 10:00 PM;10;5;True;True;True;False;N/A;True;True;Tatuapé;alta;original
ChIJHz4f15dZzpQRfZBqZKPW1ts;Burger King;R. Treze de Maio, 1947 - Bela Vista, São Paulo - SP, 01327-001, Brazil;Bela Vista;-235705533;-466435249;N/A;https://burgerking.harmo.me/;3.8;1519;2;OPERATIONAL;True;establishment, food, meal_delivery, point_of_interest, restaurant;Monday: 10:00 AM – 10:00 PM | Tuesday: 10:00 AM – 10:00 PM | Wednesday: 10:00 AM – 10:00 PM | Thursday: 10:00 AM – 10:00 PM | Friday: 10:00 AM – 10:00 PM | Saturday: 10:00 AM – 10:00 PM | Sunday: 11:00 AM – 10:00 PM;10;5;True;True;True;N/A;True;True;True;Bela Vista;alta;original
ChIJ4wXGr1FezpQR4fLt1hmgIPY;Burger King;R. Dr. João Ribeiro, 304 - Penha de França, São Paulo - SP, 03634-000, Brazil;Penha;-2352477;-4654741;N/A;https://burgerking.harmo.me/;4.2;1810;2;OPERATIONAL;True;establishment, food, meal_delivery, point_of_interest, restaurant;Monday: 10:00 AM – 10:00 PM | Tuesday: 10:00 AM – 10:00 PM | Wednesday: 10:00 AM – 10:00 PM | Thursday: 10:00 AM – 10:00 PM | Friday: 10:00 AM – 10:00 PM | Saturday: 10:00 AM – 10:00 PM | Sunday: 12:00 – 10:00 PM;10;5;True;True;True;N/A;N/A;True;True;Penha;alta;original
ChIJK1lzBmRZzpQR17rvJ9ZfdZg;Burger King;R. São Bento, 0 - Centro Historico, São Paulo - SP, 01029-010, Brazil;Centro;-235488888;-466367765;N/A;https://burgerking.harmo.me/;4.6;76;2;OPERATIONAL;True;establishment, food, meal_delivery, point_of_interest, restaurant;Monday: 9:00 AM – 9:00 PM | Tuesday: 9:00 AM – 9:00 PM | Wednesday: 9:00 AM – 9:00 PM | Thursday: 9:00 AM – 9:00 PM | Friday: 9:00 AM – 9:00 PM | Saturday: 9:00 AM – 9:00 PM | Sunday: Closed;10;5;True;True;True;N/A;N/A;True;True;;baixa;nao_identificado
ChIJTQBgXBxZzpQRNy7wralGM74;Burger King;Av. Paulista, 1230 - Piso 03 - Bela Vista, São Paulo - SP, 01310-100, Brazil;Bela Vista;-235641014;-46652803;N/A;https://burgerking.harmo.me/;4;3828;2;OPERATIONAL;True;establishment, food, meal_delivery, point_of_interest, restaurant;Monday: 10:00 AM – 10:00 PM | Tuesday: 10:00 AM – 10:00 PM | Wednesday: 10:00 AM – 10:00 PM | Thursday: 10:00 AM – 10:00 PM | Friday: 10:00 AM – 10:00 PM | Saturday: 10:00 AM – 10:00 PM | Sunday: 11:00 AM – 10:00 PM;10;5;True;True;True;False;True;True;True;Bela Vista;alta;original
ChIJLSihJcNezpQRiA3LJva18H8;Burger King;R. Gonçalves Crespo, 78 - Tatuapé, São Paulo - SP, 03066-030, Brazil;Tatuapé;-235389549;-465765026;N/A;https://burgerking.harmo.me/;3.9;1118;2;OPERATIONAL;True;establishment, food, meal_delivery, point_of_interest, restaurant;Monday: 10:00 AM – 10:00 PM | Tuesday: 10:00 AM – 10:00 PM | Wednesday: 10:00 AM – 10:00 PM | Thursday: 10:00 AM – 10:00 PM | Friday: 10:00 AM – 10:00 PM | Saturday: 10:00 AM – 10:00 PM | Sunday: 11:00 AM – 10:00 PM;10;5;True;True;True;N/A;N/A;True;True;Tatuapé;alta;original
ChIJqevJOfRezpQRFnIHIg1vbl4;Burger King;Av. Conselheiro Carrão, S/N - Vila Carrão, São Paulo - SP, 03403-001, Brazil;Carrão;-235370444;-465577523;N/A;https://burgerking.harmo.me/;3.8;11818;2;OPERATIONAL;True;establishment, food, meal_delivery, point_of_interest, restaurant;Monday: 11:00 AM – 4:00 AM | Tuesday: 11:00 AM – 4:00 AM | Wednesday: 11:00 AM – 4:00 AM | Thursday: 11:00 AM – 4:00 AM | Friday: 11:00 AM – 4:00 AM | Saturday: 11:00 AM – 4:00 AM | Sunday: 11:00 AM – 4:00 AM;10;5;True;True;True;False;True;True;True;Carrão;alta;original
ChIJ_TaFS2FnzpQRYMZuDM6fia0;Burger King;Av. Rio das Pedras, 1320 - Jardim Aricanduva, São Paulo - SP, 03452-100, Brazil;Aricanduva;-235666741;-465117119;N/A;https://burgerking.harmo.me/;3.8;8087;2;OPERATIONAL;True;establishment, food, meal_delivery, point_of_interest, restaurant;Monday: 11:00 AM – 4:00 AM | Tuesday: 11:00 AM – 4:00 AM | Wednesday: 11:00 AM – 4:00 AM | Thursday: 11:00 AM – 4:00 AM | Friday: 11:00 AM – 4:00 AM | Saturday: 11:00 AM – 4:00 AM | Sunday: 11:00 AM – 4:00 AM;10;5;True;True;True;False;True;True;True;Aricanduva;alta;original
ChIJjxjWzrVdzpQRXNK42rSBbvU;Burger King;Av. Dr. Francisco Mesquita, 1000 - Ipiranga, São Paulo - SP, 03153-001, Brazil;Ipiranga;-235945239;-4,65846E+15;N/A;https://burgerking.harmo.me/;3.6;342;2;OPERATIONAL;True;establishment, food, meal_delivery, point_of_interest, restaurant;Monday: 11:00 AM – 10:00 PM | Tuesday: 11:00 AM – 10:00 PM | Wednesday: 11:00 AM – 10:00 PM | Thursday: 11:00 AM – 10:00 PM | Friday: 11:00 AM – 10:00 PM | Saturday: 11:00 AM – 10:00 PM | Sunday: 11:00 AM – 10:00 PM;10;5;True;True;True;N/A;True;True;True;Ipiranga;alta;original
ChIJtxkYRxBZzpQRxLx3ppXyyQk;Burger King;R. Quinze de Novembro, 26 - Centro Histórico de São Paulo, São Paulo - SP, 01013-001, Brazil;Centro;-23548723;-466336356;N/A;https://burgerking.harmo.me/;4.4;1278;2;OPERATIONAL;True;establishment, food, meal_delivery, point_of_interest, restaurant;Monday: 9:00 AM – 9:00 PM | Tuesday: 9:00 AM – 9:00 PM | Wednesday: 9:00 AM – 9:00 PM | Thursday: 9:00 AM – 9:00 PM | Friday: 9:00 AM – 9:00 PM | Saturday: 9:00 AM – 9:00 PM | Sunday: Closed;10;5;True;True;True;False;True;True;True;;baixa;nao_identificado
ChIJD4A4TmJZzpQRsgWfXnyvPRc;Burger King;Av. Morvan Dias de Figueiredo, 3177 - Vila Maria, São Paulo - SP, 02063-000, Brazil;Vila Maria;-235270309;-465761909;N/A;https://burgerking.harmo.me/;3.5;359;2;OPERATIONAL;True;establishment, food, meal_delivery, point_of_interest, restaurant;Monday: 12:00 – 10:00 PM | Tuesday: 12:00 – 10:00 PM | Wednesday: 12:00 – 10:00 PM | Thursday: 12:00 – 10:00 PM | Friday: 12:00 – 10:00 PM | Saturday: 12:00 – 10:00 PM | Sunday: 12:00 – 10:00 PM;10;5;True;True;True;N/A;N/A;True;True;Vila Maria;alta;original
ChIJM2gXhVhZzpQRWwliXMPbsAo;Burger King;R. Silva Teles, 1793 - Pari, São Paulo - SP, 03026-001, Brazil;Pari;-23523833;-466049987;N/A;https://burgerking.harmo.me/;3.7;5296;2;OPERATIONAL;True;establishment, food, meal_delivery, point_of_interest, restaurant;Monday: 11:00 AM – 4:00 AM | Tuesday: 11:00 AM – 4:00 AM | Wednesday: 11:00 AM – 4:00 AM | Thursday: 11:00 AM – 4:00 AM | Friday: 11:00 AM – 4:00 AM | Saturday: 11:00 AM – 4:00 AM | Sunday: 11:00 AM – 4:00 AM;10;5;True;False;True;False;True;True;True;Pari;alta;original
ChIJTX2OUABbzpQRnsvlE6FTfQg;Burger King;Av. Eng. Armando de Arruda Pereira, 1577 - Jabaquara, São Paulo - SP, 04309-010, Brazil;Jabaquara;-236413274;-466412888;N/A;https://burgerking.harmo.me/;3.8;241;2;OPERATIONAL;True;establishment, food, meal_delivery, point_of_interest, restaurant;Monday: 11:00 AM – 4:00 AM | Tuesday: 11:00 AM – 4:00 AM | Wednesday: 11:00 AM – 4:00 AM | Thursday: 11:00 AM – 4:00 AM | Friday: 11:00 AM – 4:00 AM | Saturday: 11:00 AM – 4:00 AM | Sunday: 11:00 AM – 4:00 AM;10;5;True;True;True;N/A;True;True;True;Jabaquara;alta;original
ChIJj3BGZD1ZzpQR3mZ3FGGlv4I;Burger King - Shopping Light;R. Cel. Xavier de Toledo, 23 - Centro Histórico de São Paulo, São Paulo - SP, 01048-100, Brazil;Centro;-235464313;-466389789;N/A;https://burgerking.harmo.me/;4.1;962;2;OPERATIONAL;True;establishment, food, meal_delivery, point_of_interest, restaurant;Monday: 10:00 AM – 10:00 PM | Tuesday: 10:00 AM – 10:00 PM | Wednesday: 10:00 AM – 10:00 PM | Thursday: 10:00 AM – 10:00 PM | Friday: 10:00 AM – 10:00 PM | Saturday: 10:00 AM – 10:00 PM | Sunday: 12:00 – 7:00 PM;10;5;True;True;True;N/A;N/A;True;True;República;alta;nominatim_reverse
ChIJR_fFxO9nzpQR6i7GwhZI8uo;Burger King;Av. Aricanduva, 4516 - Jardim Aricanduva, São Paulo - SP, 03454-020, Brazil;Aricanduva;-235600157;-465133426;N/A;https://burgerking.harmo.me/;3.9;3260;2;OPERATIONAL;True;establishment, food, meal_delivery, point_of_interest, restaurant;Monday: 11:00 AM – 4:00 AM | Tuesday: 11:00 AM – 4:00 AM | Wednesday: 11:00 AM – 4:00 AM | Thursday: 11:00 AM – 4:00 AM | Friday: 11:00 AM – 4:00 AM | Saturday: 11:00 AM – 4:00 AM | Sunday: 11:00 AM – 4:00 AM;10;5;True;True;True;False;True;True;True;Aricanduva;alta;original
ChIJ9TaePTVYzpQR8iX2jlt9eRw;Burger King;R. Frei Caneca, 569 - Consolação, São Paulo - SP, 01307-001, Brazil;Consolação;-235538161;-466529963;N/A;https://burgerking.harmo.me/;4;1148;2;OPERATIONAL;True;establishment, food, meal_delivery, point_of_interest, restaurant;Monday: 10:00 AM – 10:00 PM | Tuesday: 10:00 AM – 10:00 PM | Wednesday: 10:00 AM – 10:00 PM | Thursday: 10:00 AM – 10:00 PM | Friday: 10:00 AM – 10:00 PM | Saturday: 10:00 AM – 10:00 PM | Sunday: 2:00 – 10:00 PM;10;5;False;True;True;N/A;N/A;True;True;Consolação;alta;original
ChIJDRKLGRVZzpQRfpTgUR6ck24;Burger King;Av. Angélica, 1076 - Santa Cecilia, São Paulo - SP, 01228-100, Brazil;Santa Cecília;-235422041;-466563294;N/A;https://burgerking.harmo.me/;4.1;2515;2;OPERATIONAL;True;establishment, food, meal_delivery, point_of_interest, restaurant;Monday: 11:00 AM – 10:00 PM | Tuesday: 11:00 AM – 10:00 PM | Wednesday: 11:00 AM – 10:00 PM | Thursday: 11:00 AM – 10:00 PM | Friday: 11:00 AM – 10:00 PM | Saturday: 11:00 AM – 10:00 PM | Sunday: 11:00 AM – 10:00 PM;10;5;True;True;True;True;True;True;True;Santa Cecília;alta;original
ChIJB3LtG_VZzpQR6-_Oq80956U;Burger King;R. Pamplona, 1704 - Jardim Paulista, São Paulo - SP, 01405-002, Brazil;Jardim Paulista;-2357038;-4666131;N/A;https://burgerking.harmo.me/;3.8;240;2;OPERATIONAL;True;establishment, food, meal_delivery, point_of_interest, restaurant;Monday: 10:00 AM – 10:00 PM | Tuesday: 10:00 AM – 10:00 PM | Wednesday: 10:00 AM – 10:00 PM | Thursday: 10:00 AM – 10:00 PM | Friday: 10:00 AM – 10:00 PM | Saturday: 10:00 AM – 10:00 PM | Sunday: 12:00 – 9:00 PM;10;5;True;True;True;False;N/A;True;True;Jardim Paulista;alta;original
ChIJYVhH6pBYzpQRVWRwtG8B2rM;Burger King;Tv. Casalbuono, 120 - Vila Guilherme, São Paulo - SP, 02047-050, Brazil;Vila Guilherme;-235161529;-46618752;N/A;https://burgerking.harmo.me/;3.9;1552;2;OPERATIONAL;True;establishment, food, meal_delivery, point_of_interest, restaurant;Monday: 10:00 AM – 10:00 PM | Tuesday: 10:00 AM – 10:00 PM | Wednesday: 10:00 AM – 10:00 PM | Thursday: 10:00 AM – 10:00 PM | Friday: 10:00 AM – 10:00 PM | Saturday: 10:00 AM – 10:00 PM | Sunday: 12:00 – 10:00 PM;10;5;True;True;True;N/A;True;True;True;Vila Guilherme;alta;original
ChIJdzvSYf9hzpQRRQG6Opga1Kc;Burger King;Av. São Miguel, 3500 - Vila Marieta, São Paulo - SP, 01308-040, Brazil;São Miguel;-235108649;-464989814;N/A;https://burgerking.harmo.me/;3.8;3841;2;OPERATIONAL;True;establishment, food, meal_delivery, point_of_interest, restaurant;Monday: 11:00 AM – 4:00 AM | Tuesday: 11:00 AM – 4:00 AM | Wednesday: 11:00 AM – 4:00 AM | Thursday: 11:00 AM – 4:00 AM | Friday: 11:00 AM – 4:00 AM | Saturday: 11:00 AM – 4:00 AM | Sunday: 11:00 AM – 4:00 AM;10;5;True;True;True;N/A;True;True;True;São Miguel;alta;original
ChIJKR130qFhzpQRW7y2AUN3PgU;Burger King;Av. São Miguel, 7830 - Vila Norma, São Paulo - SP, 03635-001, Brazil;São Miguel;-234981879;-464617186;N/A;https://burgerking.harmo.me/;4.1;4883;2;OPERATIONAL;True;establishment, food, meal_delivery, point_of_interest, restaurant;Monday: 10:00 AM – 3:00 AM | Tuesday: 10:00 AM – 3:00 AM | Wednesday: 10:00 AM – 3:00 AM | Thursday: 10:00 AM – 3:00 AM | Friday: 10:00 AM – 3:00 AM | Saturday: 10:00 AM – 4:00 AM | Sunday: 10:00 AM – 3:00 AM;10;5;True;True;True;False;N/A;True;True;São Miguel;alta;original
ChIJmZ_5OhBnzpQRLipQ3ZjaIOc;Burger King;Av. Aricanduva, 5555 - Área Comercial 17 - Jardim Santa Teresinha, São Paulo - SP, 03527-900, Brazil;Aricanduva;-235657299;-4,6504E+15;N/A;https://burgerking.harmo.me/;4.1;56;2;OPERATIONAL;True;establishment, food, meal_delivery, point_of_interest, restaurant;Monday: 10:00 AM – 10:00 PM | Tuesday: 10:00 AM – 10:00 PM | Wednesday: 10:00 AM – 10:00 PM | Thursday: 10:00 AM – 10:00 PM | Friday: 10:00 AM – 10:00 PM | Saturday: 10:00 AM – 10:00 PM | Sunday: 10:00 AM – 10:00 PM;10;5;True;True;N/A;N/A;N/A;True;True;Aricanduva;alta;original
ChIJUdDrmqFXzpQR6A1eZdfcJuM;Burger King;Praça Panamericana, 21 - Alto de Pinheiros, São Paulo - SP, 05461-000, Brazil;Alto de Pinheiros;-235548222;-467087622;N/A;https://burgerking.harmo.me/;4.2;1737;2;OPERATIONAL;True;establishment, food, meal_delivery, point_of_interest, restaurant;Monday: 11:00 AM – 4:00 AM | Tuesday: 11:00 AM – 4:00 AM | Wednesday: 11:00 AM – 4:00 AM | Thursday: 11:00 AM – 4:00 AM | Friday: 11:00 AM – 4:00 AM | Saturday: 11:00 AM – 4:00 AM | Sunday: 11:00 AM – 4:00 AM;10;5;True;True;True;False;True;True;True;Alto de Pinheiros;alta;original
ChIJLwjs47pXzpQR91EtMchR7bI;Burger King;Av. Pedroso de Morais, 1556 - Pinheiros, São Paulo - SP, 05420-002, Brazil;Pinheiros;-2355874;-4669764;N/A;https://burgerking.harmo.me/;4.1;4743;2;OPERATIONAL;True;establishment, food, meal_delivery, point_of_interest, restaurant;Monday: 11:00 AM – 10:00 PM | Tuesday: 11:00 AM – 10:00 PM | Wednesday: 11:00 AM – 10:00 PM | Thursday: 11:00 AM – 10:00 PM | Friday: 11:00 AM – 10:00 PM | Saturday: 11:00 AM – 10:00 PM | Sunday: 11:00 AM – 10:00 PM;10;5;True;True;True;False;True;True;True;Pinheiros;alta;original
ChIJmaVnFd1XzpQRAremFcqTZOk;Burger King;Av. Rebouças, 2184 - Pinheiros, São Paulo - SP, 05402-300, Brazil;Pinheiros;-235658143;-466814767;N/A;https://burgerking.harmo.me/;4;3164;2;OPERATIONAL;True;establishment, food, meal_delivery, point_of_interest, restaurant;Monday: 11:00 AM – 4:00 AM | Tuesday: 11:00 AM – 4:00 AM | Wednesday: 11:00 AM – 4:00 AM | Thursday: 11:00 AM – 4:00 AM | Friday: 11:00 AM – 4:00 AM | Saturday: 11:00 AM – 4:00 AM | Sunday: 11:00 AM – 4:00 AM;10;5;True;True;True;N/A;True;True;True;Pinheiros;alta;original
ChIJgW26bglXzpQR1YlBfWZL1rg;Burger King;Av. Rebouças, 3970 - Pinheiros, São Paulo - SP, 05402-918, Brazil;Pinheiros;-235725167;-466955572;N/A;https://burgerking.harmo.me/;4.2;3362;2;OPERATIONAL;True;establishment, food, meal_delivery, point_of_interest, restaurant;Monday: 11:00 AM – 11:00 PM | Tuesday: 11:00 AM – 11:00 PM | Wednesday: 11:00 AM – 11:00 PM | Thursday: 11:00 AM – 11:00 PM | Friday: 11:00 AM – 11:00 PM | Saturday: 11:00 AM – 11:00 PM | Sunday: 11:00 AM – 11:00 PM;10;5;True;True;True;N/A;True;True;True;Pinheiros;alta;original
ChIJE63HFztWzpQRB8jebEPHz9w;Burger King;Av. das Nações Unidas, 477 - Pinheiros, São Paulo - SP, 05477-000, Brazil;Pinheiros;-235511329;-4,6722E+15;N/A;https://burgerking.harmo.me/;3.9;499;2;OPERATIONAL;True;establishment, food, meal_delivery, point_of_interest, restaurant;Monday: 10:00 AM – 10:00 PM | Tuesday: 10:00 AM – 10:00 PM | Wednesday: 10:00 AM – 10:00 PM | Thursday: 10:00 AM – 10:00 PM | Friday: 10:00 AM – 10:00 PM | Saturday: 10:00 AM – 10:00 PM | Sunday: 12:00 – 10:00 PM;10;5;True;True;True;N/A;N/A;True;True;Pinheiros;alta;original
ChIJTWWjAs74zpQRnXbyD8H4of8;Burger King;Av. Emb. Macedo Soares, 6000 - Vila Leopoldina, São Paulo - SP, 05035-000, Brazil;Vila Leopoldina;-235171313;-467286414;N/A;https://burgerking.harmo.me/;3.5;8493;2;OPERATIONAL;True;establishment, food, meal_delivery, point_of_interest, restaurant;Monday: 11:00 AM – 4:00 AM | Tuesday: 11:00 AM – 4:00 AM | Wednesday: 11:00 AM – 4:00 AM | Thursday: 11:00 AM – 4:00 AM | Friday: 11:00 AM – 4:00 AM | Saturday: 11:00 AM – 4:00 AM | Sunday: 11:00 AM – 4:00 AM;10;5;True;True;True;False;True;True;True;Vila Leopoldina;alta;original
ChIJyVR6i1FYzpQRjUykzTBx6uU;Burger King;R. Br. de Itapetininga, 99 - República, São Paulo - SP, 01042-001, Brazil;República;-2354505;-4664012;N/A;https://burgerking.harmo.me/;4.3;3984;2;OPERATIONAL;True;establishment, food, meal_delivery, point_of_interest, restaurant;Monday: 9:00 AM – 9:00 PM | Tuesday: 9:00 AM – 9:00 PM | Wednesday: 9:00 AM – 9:00 PM | Thursday: 9:00 AM – 9:00 PM | Friday: 9:00 AM – 9:00 PM | Saturday: 9:00 AM – 9:00 PM | Sunday: Closed;10;5;True;True;True;N/A;False;True;True;República;alta;original
ChIJqcxDDtH5zpQRQdMGU69ixYU;Burger King;Av. Dr. Felipe Pinel, 250 - Jardim Cidade Pirituba, São Paulo - SP, 05140-020, Brazil;Pirituba;-234863093;-467274322;N/A;https://burgerking.harmo.me/;3.3;2913;2;OPERATIONAL;True;establishment, food, meal_delivery, point_of_interest, restaurant;Monday: 11:00 AM – 4:00 AM | Tuesday: 11:00 AM – 4:00 AM | Wednesday: 11:00 AM – 4:00 AM | Thursday: 11:00 AM – 4:00 AM | Friday: 11:00 AM – 4:00 AM | Saturday: 11:00 AM – 4:00 AM | Sunday: 11:00 AM – 4:00 AM;10;5;True;True;True;False;True;True;True;Pirituba;alta;original
ChIJqQRNVcT7zpQRnFiuLdtvtPI;Burger King;Av. Raimundo Pereira de Magalhães, 11001 - Jardim Pirituba, São Paulo - SP, 03266-000, Brazil;Pirituba;-234447498;-4,6723E+15;N/A;https://burgerking.harmo.me/;2.8;199;2;OPERATIONAL;True;establishment, food, meal_delivery, point_of_interest, restaurant;Monday: 10:00 AM – 10:00 PM | Tuesday: 10:00 AM – 10:00 PM | Wednesday: 10:00 AM – 10:00 PM | Thursday: 10:00 AM – 10:00 PM | Friday: 10:00 AM – 10:00 PM | Saturday: 10:00 AM – 10:00 PM | Sunday: 10:00 AM – 10:00 PM;10;5;True;True;True;N/A;N/A;True;True;Pirituba;alta;original
ChIJX-I0cIdQzpQRZdaoEvuh7dE;Burger King;Av. Professor Vicente Ráo, 1700 - Santo Amaro, São Paulo - SP, 04636-001, Brazil;Santo Amaro;-23638726;-466771921;N/A;https://burgerking.harmo.me/;4;6612;2;OPERATIONAL;True;establishment, food, meal_delivery, point_of_interest, restaurant;Monday: 11:00 AM – 4:00 AM | Tuesday: 11:00 AM – 4:00 AM | Wednesday: 11:00 AM – 4:00 AM | Thursday: 11:00 AM – 4:00 AM | Friday: 11:00 AM – 4:00 AM | Saturday: 11:00 AM – 4:00 AM | Sunday: 11:00 AM – 4:00 AM;10;5;True;True;True;False;True;True;True;Santo Amaro;alta;original
ChIJZbhnRqH4zpQRy6bZOJcmHWw;Burger King;Av. José César de Oliveira, 500 - Vila Leopoldina, São Paulo - SP, 05317-000, Brazil;Sé;-2354099;-467313512;N/A;https://burgerking.harmo.me/;3.1;190;2;OPERATIONAL;True;establishment, food, meal_delivery, point_of_interest, restaurant;Monday: 10:00 AM – 10:00 PM | Tuesday: 10:00 AM – 10:00 PM | Wednesday: 10:00 AM – 10:00 PM | Thursday: 10:00 AM – 10:00 PM | Friday: 10:00 AM – 10:00 PM | Saturday: 10:00 AM – 10:00 PM | Sunday: 10:00 AM – 9:00 PM;10;5;True;True;True;N/A;N/A;True;True;Sé;alta;original
ChIJV_KFzyBRzpQRdaR1Wy_g73k;Burger King;Av. Washington Luís, 1171 - Santo Amaro, São Paulo - SP, 04662-002, Brazil;Santo Amaro;-236559334;-46693502;N/A;https://burgerking.harmo.me/;3.9;3705;2;OPERATIONAL;True;establishment, food, meal_delivery, point_of_interest, restaurant;Monday: 11:00 AM – 4:00 AM | Tuesday: 11:00 AM – 4:00 AM | Wednesday: 11:00 AM – 4:00 AM | Thursday: 11:00 AM – 4:00 AM | Friday: 11:00 AM – 4:00 AM | Saturday: 11:00 AM – 4:00 AM | Sunday: 11:00 AM – 4:00 AM;10;5;True;True;True;N/A;True;True;True;Santo Amaro;alta;original
ChIJI8EyA8BRzpQR7Cl_IHL9DI4;Burger King;Av. Interlagos, 3650 - Jardim Campo Grande, São Paulo - SP, 04660-006, Brazil;Campo Grande;-236815714;-4,66894E+15;N/A;https://burgerking.harmo.me/;3.9;1152;2;OPERATIONAL;True;establishment, food, meal_delivery, point_of_interest, restaurant;Monday: 11:00 AM – 4:00 AM | Tuesday: 11:00 AM – 4:00 AM | Wednesday: 11:00 AM – 4:00 AM | Thursday: 11:00 AM – 4:00 AM | Friday: 11:00 AM – 4:00 AM | Saturday: 11:00 AM – 4:00 AM | Sunday: 11:00 AM – 4:00 AM;10;5;True;True;True;False;True;True;True;Campo Grande;alta;original
ChIJLWhf4FZdzpQRiocyY3WrlSo;Burger King;Av. Aricanduva, 5555 - FF017 - Vila Aricanduva, São Paulo - SP, 03527-000, Brazil;Aricanduva;-235555299;-465164392;N/A;https://burgerking.harmo.me/;2.3;8;2;OPERATIONAL;True;establishment, food, meal_delivery, point_of_interest, restaurant;Monday: 10:00 AM – 10:00 PM | Tuesday: 10:00 AM – 10:00 PM | Wednesday: 10:00 AM – 10:00 PM | Thursday: 10:00 AM – 10:00 PM | Friday: 10:00 AM – 10:00 PM | Saturday: 10:00 AM – 10:00 PM | Sunday: 10:00 AM – 10:00 PM;10;5;True;True;True;N/A;N/A;True;True;Aricanduva;alta;original
ChIJr3m6_R9nzpQRoADQeELGyBk;Burger King;Av. Aricanduva, 5555 Setor Leste - S\T - Vila Aricanduva, São Paulo - SP, 03490-000, Brazil;Aricanduva;-235595991;-465124837;N/A;https://burgerking.harmo.me/;3.9;1663;2;OPERATIONAL;True;establishment, food, meal_delivery, point_of_interest, restaurant;Monday: 10:00 AM – 10:00 PM | Tuesday: 10:00 AM – 10:00 PM | Wednesday: 10:00 AM – 10:00 PM | Thursday: 10:00 AM – 10:00 PM | Friday: 10:00 AM – 10:00 PM | Saturday: 10:00 AM – 10:00 PM | Sunday: 10:00 AM – 10:00 PM;10;5;True;True;True;N/A;N/A;True;True;Aricanduva;alta;original
ChIJWZfc0LdnzpQRqntF3Mut_kc;Burger King;Av. Itaquera, 6937 - Vila Carmosina, São Paulo - SP, 03526-000, Brazil;Itaquera;-235499306;-464623186;N/A;https://burgerking.harmo.me/;3.8;1180;2;OPERATIONAL;True;establishment, food, meal_delivery, point_of_interest, restaurant;Monday: 11:00 AM – 4:00 AM | Tuesday: 11:00 AM – 4:00 AM | Wednesday: 11:00 AM – 4:00 AM | Thursday: 11:00 AM – 4:00 AM | Friday: 11:00 AM – 4:00 AM | Saturday: 11:00 AM – 4:00 AM | Sunday: 11:00 AM – 4:00 AM;10;5;True;True;True;N/A;True;True;True;Itaquera;alta;original
ChIJFT2pI6BnzpQRKjC9ZYwv4E8;Burger King;Shop. Metrô Itaquera - Av. José Pinheiro Borges, Andar Terreo - Cidade Antônio Estêvão de Carvalho, São Paulo - SP, 08220-900, Brazil;Itaquera;-235406376;-464705868;N/A;https://burgerking.harmo.me/;2.8;15;2;OPERATIONAL;True;establishment, food, meal_delivery, point_of_interest, restaurant;Monday: 10:00 AM – 10:00 PM | Tuesday: 10:00 AM – 10:00 PM | Wednesday: 10:00 AM – 10:00 PM | Thursday: 10:00 AM – 10:00 PM | Friday: 10:00 AM – 10:00 PM | Saturday: 10:00 AM – 10:00 PM | Sunday: 10:00 AM – 10:00 PM;10;5;True;True;True;N/A;N/A;True;True;Itaquera;alta;original
ChIJFxBE4YZmzpQRRnB2vFDCYTg;Burger King;Av. Jacu-Pêssego, 8210 - Itaquera, São Paulo - SP, 08260-005, Brazil;Itaquera;-235400519;-4,64502E+15;N/A;https://burgerking.harmo.me/;3.7;11101;2;OPERATIONAL;True;establishment, food, meal_delivery, point_of_interest, restaurant;Monday: 11:00 AM – 4:00 AM | Tuesday: 11:00 AM – 4:00 AM | Wednesday: 11:00 AM – 4:00 AM | Thursday: 11:00 AM – 4:00 AM | Friday: 11:00 AM – 4:00 AM | Saturday: 11:00 AM – 4:00 AM | Sunday: 11:00 AM – 4:00 AM;10;5;True;True;True;False;False;True;True;Itaquera;alta;original
ChIJ-cB7Z6lZzpQRrO2fyzHCb48;Burger King;Av. Paulista, 2198 - Bela Vista, São Paulo - SP, 01310-300, Brazil;Bela Vista;-235576325;-466603863;N/A;https://burgerking.harmo.me/;3;302;2;OPERATIONAL;True;establishment, food, meal_delivery, point_of_interest, restaurant;Monday: 9:00 AM – 2:00 AM | Tuesday: 9:00 AM – 2:00 AM | Wednesday: 9:00 AM – 2:00 AM | Thursday: 9:00 AM – 2:00 AM | Friday: 9:00 AM – 2:00 AM | Saturday: 9:00 AM – 2:00 AM | Sunday: 9:00 AM – 2:00 AM;10;5;True;True;True;N/A;True;True;True;Bela Vista;alta;original
ChIJwc-0qSZezpQR4uDwtDmcCpQ;Burger King;Av. Amador Bueno da Veiga, 2521 - Penha de França, São Paulo - SP, 03653-000, Brazil;Penha;-235224114;-465211942;N/A;https://burgerking.harmo.me/;3.8;987;2;OPERATIONAL;True;establishment, food, meal_delivery, point_of_interest, restaurant;Monday: 10:00 AM – 10:00 PM | Tuesday: 10:00 AM – 10:00 PM | Wednesday: 10:00 AM – 10:00 PM | Thursday: 10:00 AM – 10:00 PM | Friday: 10:00 AM – 10:00 PM | Saturday: 10:00 AM – 10:00 PM | Sunday: 10:00 AM – 9:00 PM;10;5;True;True;True;N/A;True;True;True;Penha;alta;original
ChIJK0hWYwBZzpQRWE143Vzwvng;Burger King;R. João Teodoro, 1476 - loja 6 - Brás, São Paulo - SP, 03009-000, Brazil;Brás;-235355343;-466183339;N/A;https://www.burgerking.com.br/;3.3;16;N/A;OPERATIONAL;False;establishment, food, point_of_interest, restaurant;Monday: 10:00 AM – 6:00 PM | Tuesday: 10:00 AM – 6:00 PM | Wednesday: 10:00 AM – 6:00 PM | Thursday: 10:00 AM – 6:00 PM | Friday: 10:00 AM – 6:00 PM | Saturday: 10:00 AM – 6:00 PM | Sunday: Closed;3;5;True;True;N/A;N/A;N/A;N/A;True;Brás;alta;original
ChIJY_Cf2s1hzpQRe7ZW38Eyihk;Burger King;NIPONICA SECAO RURAL - Av. Jacu-Pêssego, 1495 - LOTE 31 - Colônia (Zona Leste), São Paulo - SP, 08260-000, Brazil;Sé;-235069273;-464570406;N/A;https://burgerking.harmo.me/;4;48;2;OPERATIONAL;True;establishment, food, meal_delivery, point_of_interest, restaurant;Monday: 11:00 AM – 4:00 AM | Tuesday: 11:00 AM – 4:00 AM | Wednesday: 11:00 AM – 4:00 AM | Thursday: 11:00 AM – 4:00 AM | Friday: 11:00 AM – 4:00 AM | Saturday: 11:00 AM – 4:00 AM | Sunday: 11:00 AM – 4:00 AM;0;5;True;True;True;N/A;N/A;True;N/A;Sé;alta;original
ChIJ-fJlglVYzpQRQQEhVgUSv_w;Burger King;R. Vinte e Cinco de Março, 547 - Centro Histórico, São Paulo - SP, 01021-000, Brazil;Centro;-235450097;-466324301;N/A;https://burgerking.harmo.me/;4;4000;2;OPERATIONAL;False;establishment, food, meal_delivery, point_of_interest, restaurant;Monday: 11:00 AM – 5:00 PM | Tuesday: 11:00 AM – 5:00 PM | Wednesday: 11:00 AM – 5:00 PM | Thursday: 11:00 AM – 5:00 PM | Friday: 11:00 AM – 5:00 PM | Saturday: 11:00 AM – 5:00 PM | Sunday: Closed;10;5;True;True;True;False;N/A;True;True;;baixa;nao_identificado
ChIJnWnw4O9nzpQRKgMFW9kmRpU;Burger King;Av. José Pinheiro Borges, 900 - Shopping salas 257, 258 / Piso - Itaquera, São Paulo - SP, 08220-900, Brazil;Itaquera;-235402846;-464710195;N/A;https://burgerking.harmo.me/;4.1;978;2;OPERATIONAL;True;establishment, food, meal_delivery, point_of_interest, restaurant;Monday: 10:00 AM – 10:00 PM | Tuesday: 10:00 AM – 10:00 PM | Wednesday: 10:00 AM – 10:00 PM | Thursday: 10:00 AM – 10:00 PM | Friday: 10:00 AM – 10:00 PM | Saturday: 10:00 AM – 11:00 PM | Sunday: 10:00 AM – 10:00 PM;10;5;True;True;True;N/A;N/A;True;True;Itaquera;alta;original
ChIJvwpmNapZzpQRDis7ooiZ5oQ;Burger King;Av. Brigadeiro Luís Antônio, 2013 - Bela Vista, São Paulo - SP, 01317-906, Brazil;Bela Vista;-235664239;-466469243;N/A;https://www.burgerking.com.br/;4.4;5;2;CLOSED_PERMANENTLY;N/A;establishment, food, point_of_interest, restaurant;N/A;0;5;True;N/A;N/A;N/A;N/A;True;N/A;Bela Vista;alta;original
ChIJ1THknztZzpQRL5Gc0gttacE;Burger Kimg;Av. Alcântara Machado, 1312-2200 - Brás, São Paulo - SP, 03101-001, Brazil;Brás;-235504698;-466064156;(11) 3721-4700;http://www.burgerking.com.br/;2.3;21;N/A;OPERATIONAL;False;establishment, food, point_of_interest, restaurant;Monday: 11:00 AM – 7:00 PM | Tuesday: 11:00 AM – 7:00 PM | Wednesday: 11:00 AM – 7:00 PM | Thursday: 11:00 AM – 7:00 PM | Friday: 11:00 AM – 7:00 PM | Saturday: 11:00 AM – 7:00 PM | Sunday: Closed;3;5;True;True;N/A;N/A;N/A;N/A;True;Brás;alta;original
ChIJs0gk58dZzpQRkGuukhvUerk;Burger King;R. Tiers, 262 - Pari, São Paulo - SP, 03031-000, Brazil;Pari;-235329208;-466207085;N/A;https://burgerking.harmo.me/;4.3;12;2;OPERATIONAL;True;establishment, food, meal_delivery, point_of_interest, restaurant;Monday: 12:00 – 10:00 PM | Tuesday: 12:00 – 10:00 PM | Wednesday: 12:00 – 10:00 PM | Thursday: 12:00 – 10:00 PM | Friday: 12:00 – 10:00 PM | Saturday: 12:00 – 10:00 PM | Sunday: 12:00 – 10:00 PM;3;5;True;True;N/A;N/A;N/A;True;True;Pari;alta;original
ChIJhUvNLDlZzpQRVZ4pSHPbbAk;Burger King;R. Joaquim Murtinho, 42 - Bom Retiro, São Paulo - SP, 01123-040, Brazil;Bom Retiro;-235277008;-466362799;N/A;https://burgerking.harmo.me/;4.1;693;2;OPERATIONAL;True;establishment, food, meal_delivery, point_of_interest, restaurant;Monday: Open 24 hours | Tuesday: Open 24 hours | Wednesday: Open 24 hours | Thursday: Open 24 hours | Friday: Open 24 hours | Saturday: Open 24 hours | Sunday: Closed;10;5;True;True;True;N/A;True;True;True;Bom Retiro;alta;original
ChIJAd306IVYzpQR1-qyBAjlHXQ;Burger King;R. Voluntários da Pátria, 233 - Santana, São Paulo - SP, 02011-000, Brazil;Santana;-235179788;-466283837;N/A;https://burgerking.harmo.me/;3.8;3318;2;OPERATIONAL;True;establishment, food, meal_delivery, point_of_interest, restaurant;Monday: 11:00 AM – 4:00 AM | Tuesday: 11:00 AM – 4:00 AM | Wednesday: 11:00 AM – 4:00 AM | Thursday: 11:00 AM – 4:00 AM | Friday: 11:00 AM – 4:00 AM | Saturday: 11:00 AM – 4:00 AM | Sunday: 11:00 AM – 4:00 AM;10;5;True;True;True;N/A;True;True;True;Santana;alta;original
ChIJbXflCOFYzpQRJuGhQDNQSZE;Bk;R. Conselheiro Belisário, 305 - Brás, São Paulo - SP, 03012-000, Brazil;Brás;-235391391;-46615756;N/A;N/A;3;3;N/A;OPERATIONAL;N/A;establishment, food, point_of_interest, restaurant;N/A;1;3;N/A;True;N/A;N/A;N/A;N/A;N/A;Brás;alta;original
ChIJDUpPeQD5zpQR11OlEuQceQs;Burger King;R. Parapuã, 1984 - Anexo 1988 - Brasilândia, São Paulo - SP, 02831-001, Brazil;Brás;-234688944;-466945793;N/A;https://burgerking.harmo.me/;2.9;353;2;OPERATIONAL;True;establishment, food, meal_delivery, point_of_interest, restaurant;Monday: 11:00 AM – 4:00 AM | Tuesday: 11:00 AM – 4:00 AM | Wednesday: 11:00 AM – 4:00 AM | Thursday: 11:00 AM – 4:00 AM | Friday: 11:00 AM – 4:00 AM | Saturday: 11:00 AM – 4:00 AM | Sunday: 11:00 AM – 4:00 AM;10;5;True;True;True;N/A;True;True;True;Brás;alta;original
ChIJC4QlH2P3zpQRKCvpojkNO5Q;Burger King;R. Gen. Isidoro Dias Lopes, 26 - Vila Amalia (Zona Norte), São Paulo - SP, 02618-290, Brazil;Santana;-234692343;-466464289;N/A;https://burgerking.harmo.me/;3.6;2151;2;OPERATIONAL;True;establishment, food, meal_delivery, point_of_interest, restaurant;Monday: 11:00 AM – 4:00 AM | Tuesday: 11:00 AM – 4:00 AM | Wednesday: 11:00 AM – 4:00 AM | Thursday: 11:00 AM – 4:00 AM | Friday: 11:00 AM – 4:00 AM | Saturday: 11:00 AM – 4:00 AM | Sunday: 11:00 AM – 4:00 AM;10;5;True;True;True;N/A;True;True;True;Santana;alta;original
ChIJjxLwapf3zpQREXGbpztHkGk;Burger King;Av. Eng. Caetano Álvares, 3450 - Limão, São Paulo - SP, 02537-117, Brazil;Limão;-2349005;-4665504;N/A;https://burgerking.harmo.me/;3.7;10520;2;OPERATIONAL;True;establishment, food, meal_delivery, point_of_interest, restaurant;Monday: 11:00 AM – 4:00 AM | Tuesday: 11:00 AM – 4:00 AM | Wednesday: 11:00 AM – 4:00 AM | Thursday: 11:00 AM – 4:00 AM | Friday: 11:00 AM – 4:00 AM | Saturday: 11:00 AM – 4:00 AM | Sunday: 11:00 AM – 4:00 AM;10;5;True;True;True;False;True;True;True;Limão;alta;original
ChIJ-UdcWfb3zpQRAf0dImMHhzE;Burger King;R. Marambaia, 200 - Casa Verde, São Paulo - SP, 02513-000, Brazil;Casa Verde;-235134299;-466549922;N/A;https://burgerking.harmo.me/;3.3;238;2;OPERATIONAL;True;establishment, food, meal_delivery, point_of_interest, restaurant;Monday: 12:00 – 10:00 PM | Tuesday: 12:00 – 10:00 PM | Wednesday: 12:00 – 10:00 PM | Thursday: 12:00 – 10:00 PM | Friday: 12:00 – 10:00 PM | Saturday: 12:00 – 10:00 PM | Sunday: 12:00 – 10:00 PM;10;5;True;True;True;N/A;N/A;True;True;Casa Verde;alta;original
ChIJLR2dz9RVzpQRjIwmelD4oeA;Burger King;SP-270, Km 14 - S/N - Butantã, São Paulo - SP, 05577-200, Brazil;Butantã;-23587953;-467510556;N/A;https://burgerking.harmo.me/;4.1;937;2;OPERATIONAL;True;establishment, food, meal_delivery, point_of_interest, restaurant;Monday: 10:00 AM – 10:00 PM | Tuesday: 10:00 AM – 10:00 PM | Wednesday: 10:00 AM – 10:00 PM | Thursday: 10:00 AM – 10:00 PM | Friday: 10:00 AM – 10:00 PM | Saturday: 10:00 AM – 10:00 PM | Sunday: 10:00 AM – 10:00 PM;10;5;True;True;True;N/A;True;True;True;Butantã;alta;original
ChIJyQLYjqT3zpQRMfswYEWQJtU;Burger King;R. Conselheiro Moreira de Barros, 2780 - Santana, São Paulo - SP, 02430-001, Brazil;Santana;-234828892;-466450402;N/A;https://burgerking.harmo.me/;3.9;2179;2;OPERATIONAL;True;establishment, food, meal_delivery, point_of_interest, restaurant;Monday: 10:00 AM – 10:00 PM | Tuesday: 10:00 AM – 10:00 PM | Wednesday: 10:00 AM – 10:00 PM | Thursday: 10:00 AM – 10:00 PM | Friday: 10:00 AM – 10:00 PM | Saturday: 10:00 AM – 10:00 PM | Sunday: 11:00 AM – 10:00 PM;10;5;True;True;True;N/A;True;True;True;Santana;alta;original
ChIJp2GbJcv3zpQRszbftEthoA0;Burger King;R. Conselheiro Moreira de Barros, 863 - Santana, São Paulo - SP, 02018-017, Brazil;Santana;-234932;-4663249;N/A;https://burgerking.harmo.me/;4;5248;2;OPERATIONAL;True;establishment, food, meal_delivery, point_of_interest, restaurant;Monday: 11:00 AM – 11:00 PM | Tuesday: 11:00 AM – 11:00 PM | Wednesday: 11:00 AM – 11:00 PM | Thursday: 11:00 AM – 11:00 PM | Friday: 11:00 AM – 11:00 PM | Saturday: 11:00 AM – 11:00 PM | Sunday: 11:00 AM – 11:00 PM;10;5;True;True;True;False;True;True;True;Santana;alta;original
ChIJ88WApOJXzpQRy5-66bu1Pck;Burger King;R. Palestra Itália, 2100 - Perdizes, São Paulo - SP, 05005-900, Brazil;Perdizes;-235267034;-466809449;N/A;https://burgerking.harmo.me/;3.8;829;2;OPERATIONAL;True;establishment, food, meal_delivery, point_of_interest, restaurant;Monday: 10:00 AM – 10:00 PM | Tuesday: 10:00 AM – 10:00 PM | Wednesday: 10:00 AM – 10:00 PM | Thursday: 10:00 AM – 10:00 PM | Friday: 10:00 AM – 10:00 PM | Saturday: 10:00 AM – 10:00 PM | Sunday: 10:00 AM – 10:00 PM;10;5;True;True;True;N/A;True;True;True;Perdizes;alta;original
ChIJqw4kls33zpQRBvm7pxDxX6g;Burger King;Av. Tucuruvi, 248 - Tucuruvi, São Paulo - SP, 02304-000, Brazil;Tucuruvi;-23478272;-466095749;N/A;https://burgerking.harmo.me/;2.1;85;2;OPERATIONAL;True;establishment, food, meal_delivery, point_of_interest, restaurant;Monday: Open 24 hours | Tuesday: Open 24 hours | Wednesday: Open 24 hours | Thursday: Open 24 hours | Friday: Open 24 hours | Saturday: Open 24 hours | Sunday: Open 24 hours;10;5;True;True;True;N/A;N/A;True;True;Tucuruvi;alta;original
ChIJ27YRlLtYzpQRCWHKhGOd1yE;Burger King;Av. Joaquina Ramalho, 340 - Vila Guilherme, São Paulo - SP, 02056-080, Brazil;Vila Guilherme;-235140233;-466063495;N/A;https://burgerking.harmo.me/;3;305;2;OPERATIONAL;True;establishment, food, meal_delivery, point_of_interest, restaurant;Monday: 10:00 AM – 10:00 PM | Tuesday: 10:00 AM – 10:00 PM | Wednesday: 10:00 AM – 10:00 PM | Thursday: 10:00 AM – 10:00 PM | Friday: 10:00 AM – 10:00 PM | Saturday: 10:00 AM – 10:00 PM | Sunday: 10:00 AM – 8:00 PM;10;5;False;True;True;N/A;N/A;True;N/A;Vila Guilherme;alta;original
ChIJQZIOpCJZzpQR3L9z2113Vp0;Burger King;R. Voluntários da Pátria, 560 - Santana, São Paulo - SP, 02010-000, Brazil;Santana;-235158925;-46626174;N/A;https://burgerking.harmo.me/;2.9;81;2;OPERATIONAL;True;establishment, food, meal_delivery, point_of_interest, restaurant;Monday: 10:00 AM – 10:00 PM | Tuesday: 10:00 AM – 10:00 PM | Wednesday: 10:00 AM – 10:00 PM | Thursday: 10:00 AM – 10:00 PM | Friday: 10:00 AM – 10:00 PM | Saturday: 10:00 AM – 10:00 PM | Sunday: 10:00 AM – 9:00 PM;10;5;True;True;True;N/A;N/A;True;True;Santana;alta;original
ChIJJ4Es4dr3zpQR4SJDYNdC7zU;BK Grill;Av. Braz Leme, 500 - Casa Verde, São Paulo - SP, 02511-000, Brazil;Casa Verde;-235104686;-4,66528E+15;(11) 3197-0252;N/A;N/A;N/A;N/A;OPERATIONAL;True;establishment, food, point_of_interest, restaurant;Monday: Open 24 hours | Tuesday: Open 24 hours | Wednesday: Open 24 hours | Thursday: Open 24 hours | Friday: Open 24 hours | Saturday: Open 24 hours | Sunday: Open 24 hours;4;0;True;True;True;N/A;True;True;True;Casa Verde;alta;original
ChIJe1tLmVNkVwER0N4suiMLlCM;Burger King;R. Zacarias de Gois, 628 - Campo Belo, São Paulo - SP, 04610-001, Brazil;Campo Belo;-236276106;-466745124;N/A;https://www.burgerking.com.br/;3.7;3667;2;CLOSED_PERMANENTLY;N/A;establishment, food, point_of_interest, restaurant, store;N/A;10;5;True;N/A;True;N/A;N/A;True;True;Campo Belo;alta;original
ChIJO31-EABbzpQRuQKexNkggzQ;Burger King;Av. Eng. Armando de Arruda Pereira, 1791 - Jabaquara, São Paulo - SP, 04321, Brazil;Jabaquara;-236413116;-466412893;N/A;http://burgerking.com.br/;3.6;200;N/A;OPERATIONAL;True;establishment, food, point_of_interest, restaurant;Monday: 10:00 AM – 4:00 AM | Tuesday: 10:00 AM – 4:00 AM | Wednesday: 10:00 AM – 4:00 AM | Thursday: 10:00 AM – 4:00 AM | Friday: 10:00 AM – 4:00 AM | Saturday: 10:00 AM – 4:00 AM | Sunday: 10:00 AM – 4:00 AM;10;5;True;True;True;N/A;N/A;True;True;Jabaquara;alta;original
ChIJV5zOFn9RzpQRN9q9aEeZKXE;Burger King;Av. das Nações Unidas, 14401 - Chácara Santo Antônio (Zona Sul), São Paulo - SP, 04794-000, Brazil;Campo Belo;-236248103;-467042174;N/A;https://burgerking.harmo.me/;3.5;63;2;OPERATIONAL;True;establishment, food, meal_delivery, point_of_interest, restaurant;Monday: 10:00 AM – 10:00 PM | Tuesday: 10:00 AM – 10:00 PM | Wednesday: 10:00 AM – 10:00 PM | Thursday: 10:00 AM – 10:00 PM | Friday: 10:00 AM – 10:00 PM | Saturday: 10:00 AM – 10:00 PM | Sunday: 10:00 AM – 10:00 PM;10;5;True;True;True;N/A;N/A;True;True;Campo Belo;alta;original
ChIJNysUMDRRzpQRylPkLDwhH60;Burger King;Av. das Nações Unidas, 22540 - A7 - Lojas 09/10/11 - Santo Amaro, São Paulo - SP, 04795-000, Brazil;Santo Amaro;-236793945;-466983865;N/A;https://burgerking.harmo.me/;4;60;2;OPERATIONAL;True;establishment, food, meal_delivery, point_of_interest, restaurant;Monday: 10:00 AM – 10:00 PM | Tuesday: 10:00 AM – 10:00 PM | Wednesday: 10:00 AM – 10:00 PM | Thursday: 10:00 AM – 10:00 PM | Friday: 10:00 AM – 10:00 PM | Saturday: 10:00 AM – 10:00 PM | Sunday: 11:00 AM – 10:00 PM;10;5;True;True;True;N/A;N/A;True;True;Santo Amaro;alta;original
ChIJw8f036pRzpQRFeQWvMFP3SU;Burger King;R. Amador Bueno, 229 - Santo Amaro, São Paulo - SP, 04752-005, Brazil;Santo Amaro;-236530286;-467105358;N/A;https://burgerking.harmo.me/;4.1;3249;2;OPERATIONAL;True;establishment, food, meal_delivery, point_of_interest, restaurant;Monday: 10:00 AM – 10:00 PM | Tuesday: 10:00 AM – 10:00 PM | Wednesday: 10:00 AM – 10:00 PM | Thursday: 10:00 AM – 10:00 PM | Friday: 10:00 AM – 10:00 PM | Saturday: 10:00 AM – 10:00 PM | Sunday: 12:00 – 9:00 PM;10;5;True;True;True;N/A;N/A;True;True;Santo Amaro;alta;original
ChIJjy3T-w9RzpQRdnM0JtnLww0;Burger King;Av. João Dias, 1946 - Santo Amaro, São Paulo - SP, 04724-003, Brazil;Santo Amaro;-236446071;-467192574;N/A;https://burgerking.harmo.me/;4;7343;2;OPERATIONAL;True;establishment, food, meal_delivery, point_of_interest, restaurant;Monday: 10:00 AM – 11:00 PM | Tuesday: 10:00 AM – 11:00 PM | Wednesday: 10:00 AM – 11:00 PM | Thursday: 10:00 AM – 2:00 AM | Friday: 10:00 AM – 2:00 AM | Saturday: 10:00 AM – 2:00 AM | Sunday: 10:00 AM – 10:00 PM;10;5;True;True;True;False;True;True;True;Santo Amaro;alta;original
ChIJAQAAX1BQzpQRSheLyb_8NMc;Burger King;R. Borba Gato, 59 - Santo Amaro, São Paulo - SP, 04747-030, Brazil;Santo Amaro;-236543515;-467012307;N/A;https://burgerking.harmo.me/;4.1;1789;2;OPERATIONAL;True;establishment, food, meal_delivery, point_of_interest, restaurant;Monday: 10:00 AM – 10:00 PM | Tuesday: 10:00 AM – 10:00 PM | Wednesday: 10:00 AM – 10:00 PM | Thursday: 10:00 AM – 10:00 PM | Friday: 10:00 AM – 10:00 PM | Saturday: 10:00 AM – 10:00 PM | Sunday: 11:00 AM – 10:00 PM;10;5;True;True;True;N/A;N/A;True;True;Santo Amaro;alta;original
ChIJYYJOZ7FRzpQRZuomJl72TMs;Burguer King;Av. Luiz Gushiken - Jardim São Luís, São Paulo - SP, 05831-315, Brazil;Jardim São Luís;-236683035;-467381812;(11) 98229-6093;N/A;1.3;47;N/A;OPERATIONAL;True;establishment, food, point_of_interest, restaurant;Monday: Closed | Tuesday: Closed | Wednesday: 6:00 PM – 12:00 AM | Thursday: 6:00 PM – 12:00 AM | Friday: 6:00 PM – 12:00 AM | Saturday: 6:00 PM – 12:00 AM | Sunday: 6:00 PM – 12:00 AM;10;5;True;True;True;N/A;N/A;True;True;Jardim São Luís;alta;original
ChIJqYWPMAZPzpQR5TyO_GPoj4M;Burger King;Av. Sen. Teotônio Vilela, 2926 - Cidade Dutra, São Paulo - SP, 04828-100, Brazil;Cidade Dutra;-237264378;-467003334;N/A;https://burgerking.harmo.me/;4.1;2827;2;OPERATIONAL;True;establishment, food, meal_delivery, point_of_interest, restaurant;Monday: 10:00 AM – 10:00 PM | Tuesday: 10:00 AM – 10:00 PM | Wednesday: 10:00 AM – 10:00 PM | Thursday: 10:00 AM – 10:00 PM | Friday: 10:00 AM – 10:00 PM | Saturday: 10:00 AM – 10:00 PM | Sunday: 10:00 AM – 10:00 PM;10;5;True;True;True;False;False;True;True;Cidade Dutra;alta;original
ChIJRU5NIYxPzpQRWWRtx5QO9Co;Burger King;Av. Sen. Teotônio Vilela - Vila São José, São Paulo - SP, 04837, Brazil;Sé;-237419611;-46706468;N/A;https://www.burgerking.com.br/;4.2;1579;2;OPERATIONAL;True;establishment, food, point_of_interest, restaurant;Monday: 10:00 AM – 3:00 AM | Tuesday: 10:00 AM – 3:00 AM | Wednesday: 10:00 AM – 3:00 AM | Thursday: 10:00 AM – 3:00 AM | Friday: 10:00 AM – 3:00 AM | Saturday: 10:00 AM – 3:00 AM | Sunday: 10:00 AM – 3:00 AM;10;5;True;True;True;False;False;True;True;Sé;alta;original
ChIJ1x_eCIRRzpQRo1xOc7-xeOA;Burger King;Av. Giovanni Gronchi, 6600 - Morumbi, São Paulo - SP, 05724-002, Brazil;Morumbi;-236374856;-467370811;N/A;https://burgerking.harmo.me/;4;3439;2;OPERATIONAL;True;establishment, food, meal_delivery, point_of_interest, restaurant;Monday: 11:00 AM – 4:00 AM | Tuesday: 11:00 AM – 4:00 AM | Wednesday: 11:00 AM – 4:00 AM | Thursday: 11:00 AM – 4:00 AM | Friday: 11:00 AM – 4:00 AM | Saturday: 11:00 AM – 4:00 AM | Sunday: 11:00 AM – 4:00 AM;10;5;True;True;True;False;True;True;True;Morumbi;alta;original
ChIJBV29KehTzpQRDpdXXt7Zm_A;BK Brasil Operação e Assessoria A Restaurantes;Estr. do Campo Limpo, 459 - Vila Prel, São Paulo - SP, 05777-001, Brazil;Campo Limpo;-236495485;-467573709;(11) 5511-8117;N/A;4.1;662;N/A;OPERATIONAL;True;establishment, food, point_of_interest, restaurant;Monday: 10:00 AM – 10:00 PM | Tuesday: 10:00 AM – 10:00 PM | Wednesday: 10:00 AM – 10:00 PM | Thursday: 10:00 AM – 10:00 PM | Friday: 10:00 AM – 10:00 PM | Saturday: 10:00 AM – 10:00 PM | Sunday: 10:00 AM – 10:00 PM;10;5;True;True;True;N/A;N/A;True;True;Campo Limpo;alta;original
ChIJpd2pf2VRzpQR-BDzmlWlw48;Burger King;Av. Giovanni Gronchi, 0 - Vila Andrade, São Paulo - SP, 05724-003, Brazil;Vila Andrade;-2363082;-4,67363E+15;N/A;https://burgerking.harmo.me/;2.6;68;2;OPERATIONAL;True;establishment, food, meal_delivery, point_of_interest, restaurant;Monday: 10:00 AM – 10:00 PM | Tuesday: 10:00 AM – 10:00 PM | Wednesday: 10:00 AM – 10:00 PM | Thursday: 10:00 AM – 10:00 PM | Friday: 10:00 AM – 10:00 PM | Saturday: 10:00 AM – 10:00 PM | Sunday: 10:00 AM – 10:00 PM;10;5;True;True;True;N/A;N/A;True;True;Vila Andrade;alta;original
ChIJ8X2yIGhRzpQR_i5tBu6yl8s;Burger King;Av. Alberto Augusto Alves, 50 - Vila Andrade, São Paulo - SP, 05724-030, Brazil;Vila Andrade;-236419978;-467346559;N/A;https://burgerking.harmo.me/;3.3;83;2;OPERATIONAL;True;establishment, food, meal_delivery, point_of_interest, restaurant;Monday: 10:00 AM – 10:00 PM | Tuesday: 10:00 AM – 10:00 PM | Wednesday: 10:00 AM – 10:00 PM | Thursday: 10:00 AM – 10:00 PM | Friday: 10:00 AM – 10:00 PM | Saturday: 10:00 AM – 10:00 PM | Sunday: 10:00 AM – 10:00 PM;10;5;True;True;True;N/A;N/A;True;True;Vila Andrade;alta;original
ChIJRf9DXEVRzpQRB-apI-ZuPgo;Burger King;Shopping Morumbi Town - Av. Giovanni Gronchi, 5930 - Loja 129 - Vila Andrade, São Paulo - SP, 05724-002, Brazil;Morumbi;-236316;-467376306;N/A;https://burgerking.harmo.me/;3.9;568;2;OPERATIONAL;True;establishment, food, meal_delivery, point_of_interest, restaurant;Monday: 10:00 AM – 10:00 PM | Tuesday: 10:00 AM – 10:00 PM | Wednesday: 10:00 AM – 10:00 PM | Thursday: 10:00 AM – 10:00 PM | Friday: 10:00 AM – 10:00 PM | Saturday: 10:00 AM – 10:00 PM | Sunday: 12:00 – 10:00 PM;10;5;True;True;True;N/A;True;True;True;Morumbi;alta;original
ChIJ932AJ6hfzpQRSVnDU6oMUE4;Burger King;Av. Condessa Elizabeth de Robiano, 5500 - Jardim America da Penha, São Paulo - SP, 03704-900, Brazil;Penha;-235207028;-465550684;N/A;https://www.restaurantes.burgerking.com.br/burger-king-s-o-paulo-sp;3.4;168;2;OPERATIONAL;True;establishment, food, point_of_interest, restaurant;Monday: Open 24 hours | Tuesday: Open 24 hours | Wednesday: Open 24 hours | Thursday: Open 24 hours | Friday: Open 24 hours | Saturday: Open 24 hours | Sunday: Open 24 hours;10;5;True;True;True;N/A;True;True;True;Penha;alta;original
ChIJP8FGPAdnzpQRerloOWjFsG4;Burger King;Av. Sapopemba, 11595 - Jardim Sapopemba, São Paulo - SP, 03345-001, Brazil;Sapopemba;-23613932;-46496595;N/A;https://burgerking.harmo.me/;3.4;332;2;OPERATIONAL;True;establishment, food, meal_delivery, point_of_interest, restaurant;Monday: 11:00 AM – 11:00 PM | Tuesday: 11:00 AM – 11:00 PM | Wednesday: 11:00 AM – 11:00 PM | Thursday: 11:00 AM – 11:00 PM | Friday: 11:00 AM – 11:00 PM | Saturday: 11:00 AM – 11:00 PM | Sunday: 11:00 AM – 11:00 PM;10;5;True;True;True;N/A;N/A;True;True;Sapopemba;média;bairro
ChIJZYcRO7lnzpQRY6AgJLTVjtU;Burger King;Av. Jacu-Pêssego, 1200, 1200 - José Bonifácio, São Paulo - SP, 08260-005, Brazil;José Bonifácio;-235711782;-464463497;N/A;https://burgerking.harmo.me/;3.9;1452;2;OPERATIONAL;True;establishment, food, meal_delivery, point_of_interest, restaurant;Monday: 10:00 AM – 10:00 PM | Tuesday: 10:00 AM – 10:00 PM | Wednesday: 10:00 AM – 10:00 PM | Thursday: 10:00 AM – 10:00 PM | Friday: 10:00 AM – 10:00 PM | Saturday: 10:00 AM – 10:00 PM | Sunday: 10:00 AM – 10:00 PM;10;5;True;True;True;N/A;N/A;True;True;José Bonifácio;alta;original
ChIJUSy3IWVjzpQROb46tsZMvRo;Burger King;Avenida Marechal Tito, 0 - Jardim Sao Luis (Zona Leste), São Paulo - SP, 08115-100, Brazil;Jardim São Luís;-234942;-4639012;N/A;https://burgerking.harmo.me/;4;8802;2;OPERATIONAL;True;establishment, food, meal_delivery, point_of_interest, restaurant;Monday: 11:00 AM – 4:00 AM | Tuesday: 11:00 AM – 4:00 AM | Wednesday: 11:00 AM – 4:00 AM | Thursday: 11:00 AM – 4:00 AM | Friday: 11:00 AM – 4:00 AM | Saturday: 11:00 AM – 4:00 AM | Sunday: 11:00 AM – 4:00 AM;10;5;False;True;True;False;True;True;True;Jardim São Luís;alta;original
ChIJv_iPrk5jzpQRTwsY0Pdl6Fc;Burger King;Avenida Marechal Tito, 2788 - São Miguel Paulista, São Paulo - SP, 08115-100, Brazil;São Miguel;-234942779;-464193936;N/A;https://burgerking.harmo.me/;3.5;1438;2;OPERATIONAL;True;establishment, food, meal_delivery, point_of_interest, restaurant;Monday: 11:00 AM – 4:00 AM | Tuesday: 11:00 AM – 4:00 AM | Wednesday: 11:00 AM – 4:00 AM | Thursday: 11:00 AM – 4:00 AM | Friday: 11:00 AM – 4:00 AM | Saturday: 11:00 AM – 4:00 AM | Sunday: 11:00 AM – 4:00 AM;10;5;True;True;True;N/A;True;True;True;São Miguel;alta;original
ChIJw6zeNzNYzpQRNyBEy6vsrSw;Burger King;R. Augusta, 1315 - Consolação, São Paulo - SP, 01305-100, Brazil;Consolação;-235555466;-466570525;N/A;https://burgerking.harmo.me/;3.8;3848;2;CLOSED_PERMANENTLY;N/A;establishment, food, meal_delivery, point_of_interest, restaurant;N/A;10;5;True;True;True;False;True;True;True;Consolação;alta;original
ChIJP6p20DlkzpQRKm3hOfj11cE;Burger King - Extra Guaianazes;Estr. Itaquera Guaianazes, 2671 - Guaianases, São Paulo - SP, 08420-495, Brazil;Guaianases;-2354187;-4642377;N/A;N/A;3.9;832;2;CLOSED_PERMANENTLY;N/A;establishment, food, point_of_interest, restaurant;N/A;10;5;True;N/A;N/A;N/A;N/A;True;N/A;Guaianases;alta;original
ChIJpVKRKABbzpQRqV_ep7oc6Lw;Burger King - Ypiranga;R. Leais Paulistanos, 840 - Ipiranga, São Paulo - SP, 04202-010, Brazil;Ipiranga;-235780653;-466008268;N/A;N/A;N/A;N/A;N/A;CLOSED_PERMANENTLY;N/A;establishment, food, point_of_interest, restaurant;N/A;0;0;N/A;N/A;N/A;N/A;N/A;N/A;N/A;Ipiranga;alta;original
ChIJj4gxvl5XzpQR8oT79cWYMnw;Burger King - JOAQUIM FLORIANO;R. Joaquim Floriano, 451 - Itaim Bibi, São Paulo - SP, 04534-011, Brazil;Itaim Bibi;-235846716;-4,66744E+15;(11) 4199-5320;http://www.burgerking.com.br/;1;1;1;CLOSED_PERMANENTLY;N/A;establishment, food, point_of_interest, restaurant;N/A;0;1;True;N/A;N/A;N/A;N/A;True;True;Itaim Bibi;alta;original
ChIJh93-T6pXzpQR3ZcZnNxLoT8;Burger King;R. Joaquim Floriano, 466 - Itaim Bibi, São Paulo - SP, 04534-002, Brazil;Itaim Bibi;-2358471;-4,66754E+15;N/A;https://www.burgerking.com.br/;N/A;N/A;N/A;CLOSED_PERMANENTLY;N/A;establishment, food, point_of_interest, restaurant;N/A;0;0;True;N/A;N/A;N/A;N/A;True;N/A;Itaim Bibi;alta;original
ChIJt3oRYUJXzpQRA7vAKy7_fpk;Burger King;Rua Tabapuã, 1263E/ 1265 - Itaim Bibi, São Paulo - SP, 04533-014, Brazil;Itaim Bibi;-235851633;-466827146;N/A;http://www.burgerking.com.br/;3.8;346;1;CLOSED_PERMANENTLY;N/A;establishment, food, point_of_interest, restaurant;N/A;10;5;True;N/A;N/A;False;True;True;N/A;Itaim Bibi;alta;original
ChIJKUWP6XJRzpQRF_-DG9x-ksc;Burger King;Av. Maria Coelho Aguiar, 215 - Jardim São Luís, São Paulo - SP, 05805-000, Brazil;Jardim São Luís;-236484089;-467315043;N/A;N/A;4.3;38;2;CLOSED_PERMANENTLY;N/A;establishment, food, point_of_interest, restaurant;N/A;0;5;True;True;N/A;N/A;N/A;True;N/A;Jardim São Luís;alta;original
ChIJC9ZcJLtRzpQRNatc8-gqkeY;Burger King;Av. Guarapiranga, 752 - Jardim São Luís, São Paulo - SP, 04762-001, Brazil;Jardim São Luís;-236650434;-467215608;N/A;https://www.restaurantes.burgerking.com.br/burger-king-s-o-paulo-sp;4.2;746;2;CLOSED_PERMANENTLY;N/A;establishment, food, point_of_interest, restaurant;N/A;10;5;True;True;True;N/A;N/A;True;True;Jardim São Luís;alta;original
ChIJy7v9Xi72zpQResAEqIPPQfo;Burger King;R. Voluntários da Pátria, 2331 - Santana, São Paulo - SP, 02011-500, Brazil;Santana;-234997567;-466257986;N/A;https://www.burgerking.com.br/;4.1;3250;2;CLOSED_PERMANENTLY;N/A;establishment, food, point_of_interest, restaurant;N/A;10;5;True;N/A;True;N/A;N/A;True;N/A;Santana;alta;original
ChIJV1VVnCRRzpQRyjvdZvRQROc;Burger King;Av. Major Sylvio de Magalhães Padilha, S/N - Morumbi, São Paulo - SP, 05693-000, Brazil;Morumbi;-236280711;-467163516;N/A;https://www.burgerking.com.br/;3.6;33;2;CLOSED_PERMANENTLY;N/A;establishment, food, point_of_interest, restaurant;N/A;2;5;N/A;True;N/A;N/A;N/A;True;N/A;Morumbi;alta;original
ChIJgfTLh0j5zpQRFGqqmcSBDb8;Burger King;Av. Mutinga, 1300 - Vila Pirituba, São Paulo - SP, 05110-000, Brazil;Pirituba;-23485958;-4673938;N/A;https://burgerking.harmo.me/;2.6;231;2;CLOSED_PERMANENTLY;N/A;establishment, food, meal_delivery, point_of_interest, restaurant;N/A;10;5;True;True;True;N/A;N/A;True;True;Pirituba;alta;original
ChIJeaK35SpVzpQRs2Wzd16eJ7Y;Burger King;Rod. Raposo Tavares, 7201 - 7201 - Jardim Adhemar de Barros, São Paulo - SP, 06730-000, Brazil;Raposo Tavares;-235749199;-467172363;N/A;https://burgerking.harmo.me/;3.1;210;2;CLOSED_PERMANENTLY;N/A;establishment, food, meal_delivery, point_of_interest, restaurant;N/A;10;5;True;True;True;N/A;N/A;True;True;Raposo Tavares;alta;original
ChIJpyw__lFYzpQRdMrau1Bn4zM;Burger King;R. Sete de Abril, 257 - República, São Paulo - SP, 01043-000, Brazil;República;-235456574;-466415424;N/A;https://www.burgerking.com.br/;4.2;3160;2;CLOSED_PERMANENTLY;N/A;establishment, food, point_of_interest, restaurant;N/A;10;5;True;N/A;True;N/A;N/A;True;True;República;alta;original
ChIJo0n9XuNdzpQROicp2DH6C9w;BK Kimania dos Assados;Av. Cipriano Rodrigues, N° 735 - Vila Formosa, São Paulo - SP, 03361-010, Brazil;Vila Formosa;-235764667;-46527344;(11) 91130-9423;N/A;5;3;N/A;OPERATIONAL;False;establishment, food, point_of_interest, restaurant;Monday: Closed | Tuesday: Closed | Wednesday: Closed | Thursday: Closed | Friday: Closed | Saturday: Closed | Sunday: 11:00 AM – 2:00 PM;10;3;True;N/A;True;N/A;N/A;True;N/A;Vila Formosa;alta;original
ChIJLYAiCgBhzpQReVOqrwDD4PA;Burger King;R. Arlindo Colaço, 306 - São Miguel Paulista, São Paulo - SP, 08010-010, Brazil;São Miguel;-23492661;-46441116;N/A;N/A;N/A;N/A;N/A;CLOSED_PERMANENTLY;N/A;establishment, food, meal_takeaway, point_of_interest, restaurant;N/A;0;0;N/A;N/A;N/A;N/A;N/A;N/A;N/A;São Miguel;alta;original
ChIJ5WcFXKlbzpQRnW933mOQb8A;Burger King;R. Ribeiro Lacerda, 940 - Bosque da Saúde, São Paulo - SP, 04150-000, Brazil;Saúde;-236174993;-46625978;N/A;https://www.burgerking.com.br/;3.6;78;2;CLOSED_PERMANENTLY;N/A;establishment, food, point_of_interest, restaurant;N/A;10;5;True;N/A;N/A;N/A;N/A;True;N/A;Cursino;alta;nominatim_reverse
ChIJ9erpZoH3zpQRC8Nw4R1W6xA;Burger King;Av. Nova Cantareira, 394 - Tucuruvi, São Paulo - SP, 02330-001, Brazil;Tucuruvi;-234873669;-466207098;N/A;https://www.burgerking.com.br/;3.7;1508;N/A;CLOSED_PERMANENTLY;N/A;establishment, food, point_of_interest, restaurant;N/A;10;5;True;N/A;N/A;N/A;N/A;True;N/A;Tucuruvi;alta;original
ChIJ3csOTYVZzpQR-ikZEg15IMg;Burger King;R. Domingos de Morais, 212 - Vila Mariana, São Paulo - SP, 05078-030, Brazil;Vila Maria;-235791047;-466408888;(55) 2397-0320;http://www.burgerking.com.br/;4;1;1;CLOSED_PERMANENTLY;N/A;establishment, food, point_of_interest, restaurant;N/A;0;1;N/A;N/A;N/A;N/A;N/A;N/A;N/A;Vila Maria;alta;original
