place_id;name;address;distrito;latitude;longitude;phone;website;rating;total_ratings;price_level;business_status;is_open_now;types;opening_hours;photos_count;reviews_count;delivery;dine_in;takeout;serves_breakfast;serves_dinner;serves_lunch;wheelchair_accessible_entrance;distrito_atualizado;confianca_distrito;metodo_distrito;distrito_old;cód_ibge;renda;quota;escolaridade;idade;mortalidade;txcresc;causasext;favel;denspop
ChIJ5TIVtiRfzpQRsKbrZeuuqv8;Burger King;Av. Salim Farah Maluf, 4750 - Tatuape, São Paulo - SP, 03076-000, Brazil;tatuapé;-235630485;-465762728;;https://burgerking.harmo.me/;4.0;2238.0;2.0;OPERATIONAL;True;establishment, food, meal_delivery, point_of_interest, restaurant;Monday: 11:00 AM – 4:00 AM | Tuesday: 11:00 AM – 4:00 AM | Wednesday: 11:00 AM – 4:00 AM | Thursday: 11:00 AM – 4:00 AM | Friday: 11:00 AM – 4:00 AM | Saturday: 11:00 AM – 4:00 AM | Sunday: 11:00 AM – 4:00 AM;10;5;True;True;True;;True;True;True;Tatuapé;alta;original;tatuapé;80;2013;47,63999939;8,199999809;34;18,20000076;-1,090000033;43,68000031;0;94,5
ChIJj4FyTgBbzpQREjIoiOCqJ3c;Burger King Extra Ricardo Jafet 1501;Av. Dr. Ricardo Jafet, 1501 - Ipiranga, São Paulo - SP, 04260-020, Brazil;ipiranga;-235893741;-4,66188E+15;;https://www.burgerking.com.br/;3.3;22.0;;OPERATIONAL;True;establishment, food, point_of_interest, restaurant;Monday: 10:00 AM – 10:00 PM | Tuesday: 10:00 AM – 10:00 PM | Wednesday: Closed | Thursday: 10:00 AM – 10:00 PM | Friday: 10:00 AM – 10:00 PM | Saturday: 10:00 AM – 10:00 PM | Sunday: 10:00 AM – 9:00 PM;10;5;;True;;;;;True;Ipiranga;alta;original;ipiranga;34;1892;33,65999985;7,599999905;31;17,59000015;-1,529999971;74,93000031;6,130000114;89,51999664
ChIJG9XQqJxbzpQRDIoo_oZK6Us;Burger King;Av. Dr. Ricardo Jafet, 0 - Ipiranga, São Paulo - SP, 04260-020, Brazil;ipiranga;-235916952;-466200931;;https://burgerking.harmo.me/;3.8;1987.0;2.0;OPERATIONAL;True;establishment, food, meal_delivery, point_of_interest, restaurant;Monday: 10:00 AM – 10:00 PM | Tuesday: 10:00 AM – 10:00 PM | Wednesday: 10:00 AM – 10:00 PM | Thursday: 10:00 AM – 10:00 PM | Friday: 10:00 AM – 10:00 PM | Saturday: 10:00 AM – 10:00 PM | Sunday: 10:00 AM – 10:00 PM;10;5;True;True;True;;True;True;True;Ipiranga;alta;original;ipiranga;34;1892;33,65999985;7,599999905;31;17,59000015;-1,529999971;74,93000031;6,130000114;89,51999664
ChIJj8YVVkJbzpQRnc9j5MxICRg;Burger King;Rod. Anchieta, 1954 - Sacomã, São Paulo - SP, 04246-002, Brazil;sacomã;-236187562;-466019452;;https://burgerking.harmo.me/;4.0;3486.0;2.0;OPERATIONAL;True;establishment, food, meal_delivery, point_of_interest, restaurant;Monday: 11:00 AM – 4:00 AM | Tuesday: 11:00 AM – 4:00 AM | Wednesday: 11:00 AM – 4:00 AM | Thursday: 11:00 AM – 4:00 AM | Friday: 11:00 AM – 4:00 AM | Saturday: 11:00 AM – 4:00 AM | Sunday: 11:00 AM – 4:00 AM;10;5;True;True;True;;True;True;True;Sacomã;alta;original;sacomã;68;1608;19,10000038;6,800000191;26;13,02000046;0,529999971;82,18000031;20,34000015;152,7200012
ChIJJe5aAvhbzpQRtl8TGFCX7bA;Burger King;R. Cap. Pacheco e Chaves, 313 - Mooca, São Paulo - SP, 03126-000, Brazil;mooca;-235802609;-4,65941E+15;;https://burgerking.harmo.me/;3.9;1008.0;2.0;OPERATIONAL;True;establishment, food, meal_delivery, point_of_interest, restaurant;Monday: 10:00 AM – 10:00 PM | Tuesday: 10:00 AM – 10:00 PM | Wednesday: 10:00 AM – 10:00 PM | Thursday: 10:00 AM – 10:00 PM | Friday: 10:00 AM – 10:00 PM | Saturday: 10:00 AM – 10:00 PM | Sunday: 11:00 AM – 10:00 PM;10;5;True;True;True;;True;True;True;Mooca;alta;original;mooca;53;2466;50,06000137;8,199999809;34;16,15999985;-2,380000114;71,37000275;0;82,91000366
ChIJAfzScPVbzpQR8rk1UMYmRKU;Burger King;Rua Arcipreste Ezequias, 754 - Vila São José, São Paulo - SP, 04271-060, Brazil;sé;-23591673;-466201062;;https://burgerking.harmo.me/;4.1;1866.0;2.0;OPERATIONAL;True;establishment, food, meal_delivery, point_of_interest, restaurant;Monday: 11:00 AM – 4:00 AM | Tuesday: 11:00 AM – 4:00 AM | Wednesday: 11:00 AM – 4:00 AM | Thursday: 11:00 AM – 4:00 AM | Friday: 11:00 AM – 4:00 AM | Saturday: 11:00 AM – 4:00 AM | Sunday: 11:00 AM – 4:00 AM;10;5;True;True;True;False;True;True;True;Sé;alta;original;sé;78;1366;36,08000183;7,099999905;29;19,61000061;-4,800000191;127,3700027;0;101,2099991
ChIJJ0UFPqxbzpQRyFVgLKKMnMY;Burger King;Praça Leonor Kaupa, 100 - Bosque da Saúde, São Paulo - SP, 04151-100, Brazil;saúde;-236198784;-466270706;;https://burgerking.harmo.me/;4.0;2493.0;2.0;OPERATIONAL;True;establishment, food, meal_delivery, point_of_interest, restaurant;Monday: 10:00 AM – 10:00 PM | Tuesday: 10:00 AM – 10:00 PM | Wednesday: 10:00 AM – 10:00 PM | Thursday: 10:00 AM – 10:00 PM | Friday: 10:00 AM – 10:00 PM | Saturday: 10:00 AM – 10:00 PM | Sunday: 11:00 AM – 10:00 PM;10;5;True;True;True;;True;True;True;Saúde;média;bairro;saúde;77;2782;49,27000046;8,300000191;33;10,93999958;-1,429999948;46,45999908;1,120000005;132,3500061
ChIJk3ojgjFazpQRPWE0pJOET4o;Burger King;R. Domingos de Morais, 2564 - Vila Mariana, São Paulo - SP, 04036-100, Brazil;vila maria;-2359909;-466372072;;https://burgerking.harmo.me/;3.9;1678.0;2.0;OPERATIONAL;True;establishment, food, meal_delivery, point_of_interest, restaurant;Monday: 10:00 AM – 10:00 PM | Tuesday: 10:00 AM – 10:00 PM | Wednesday: 10:00 AM – 10:00 PM | Thursday: 10:00 AM – 10:00 PM | Friday: 10:00 AM – 10:00 PM | Saturday: 10:00 AM – 10:00 PM | Sunday: 11:00 AM – 9:00 PM;10;5;True;True;True;;;True;True;Vila Maria;alta;original;vila maria;89;1418;18,43000031;6,599999905;26;13,86999989;-1,590000033;63,16999817;7,599999905;95,94000244
ChIJV8a46v9ezpQRzvaoHV_09qA;Burger King;Av. Condessa Elisabeth de Robiano, 1800 Vila Moreira - Penha de França, São Paulo - SP, 03074-000, Brazil;penha;-235223628;-465552838;;https://burgerking.harmo.me/;3.8;8366.0;2.0;OPERATIONAL;True;establishment, food, meal_delivery, point_of_interest, restaurant;Monday: 11:00 AM – 4:00 AM | Tuesday: 11:00 AM – 4:00 AM | Wednesday: 11:00 AM – 4:00 AM | Thursday: 11:00 AM – 4:00 AM | Friday: 11:00 AM – 4:00 AM | Saturday: 11:00 AM – 4:00 AM | Sunday: 11:00 AM – 4:00 AM;10;5;True;True;True;False;True;True;True;Penha;alta;original;penha;59;1896;27,12000084;7,400000095;30;16,12000084;-0,930000007;62,70999908;1,480000019;112,3499985
ChIJG-meUDZZzpQRFJIsAObjYos;Burger King;Rua Javari, 403 - Mooca, São Paulo - SP, 03112-100, Brazil;mooca;-23553938;-466007367;;https://burgerking.harmo.me/;3.9;1869.0;2.0;OPERATIONAL;True;establishment, food, meal_delivery, point_of_interest, restaurant;Monday: 10:00 AM – 10:00 PM | Tuesday: 10:00 AM – 10:00 PM | Wednesday: 10:00 AM – 10:00 PM | Thursday: 10:00 AM – 10:00 PM | Friday: 10:00 AM – 10:00 PM | Saturday: 10:00 AM – 10:00 PM | Sunday: 10:00 AM – 8:00 PM;10;5;True;True;True;;True;True;True;Mooca;alta;original;mooca;53;2466;50,06000137;8,199999809;34;16,15999985;-2,380000114;71,37000275;0;82,91000366
ChIJyR4cS2FbzpQRbf-1a05tvQ8;Burger King;Av. Marginal Direita Anchieta, 3398 - Sacoma, São Paulo - SP, 04182-001, Brazil;sacomã;-236318084;-46598959;;https://burgerking.harmo.me/;3.1;178.0;2.0;OPERATIONAL;True;establishment, food, meal_delivery, point_of_interest, restaurant;Monday: 10:00 AM – 10:00 PM | Tuesday: 10:00 AM – 10:00 PM | Wednesday: 10:00 AM – 10:00 PM | Thursday: 10:00 AM – 10:00 PM | Friday: 10:00 AM – 10:00 PM | Saturday: 10:00 AM – 10:00 PM | Sunday: 10:00 AM – 10:00 PM;10;5;True;True;True;;;True;True;Sacomã;alta;original;sacomã;68;1608;19,10000038;6,800000191;26;13,02000046;0,529999971;82,18000031;20,34000015;152,7200012
ChIJwT3moDtZzpQRVJBEb9okl4Q;Burger King;Av. Alcântara Machado, 1884 - Brás, São Paulo - SP, 03102-004, Brazil;brás;-2355004;-4,66059E+15;;https://burgerking.harmo.me/;3.8;10353.0;2.0;OPERATIONAL;True;establishment, food, meal_delivery, point_of_interest, restaurant;Monday: 11:00 AM – 4:00 AM | Tuesday: 11:00 AM – 4:00 AM | Wednesday: 11:00 AM – 4:00 AM | Thursday: 11:00 AM – 4:00 AM | Friday: 11:00 AM – 4:00 AM | Saturday: 11:00 AM – 4:00 AM | Sunday: 11:00 AM – 4:00 AM;10;5;True;True;True;False;True;True;True;Brás;alta;original;brás;10;1942;28,96999931;7;30;13,64000034;-4,480000019;120,6699982;0;76,19000244
ChIJma9raBNazpQRcbUeszvJG58;Burger King;Av. Moreira Guimarães, 700 - Moema, São Paulo - SP, 04074-020, Brazil;moema;-236116823;-466568437;;https://burgerking.harmo.me/;4.1;9214.0;2.0;OPERATIONAL;True;establishment, food, meal_delivery, point_of_interest, restaurant;Monday: 11:00 AM – 4:00 AM | Tuesday: 11:00 AM – 4:00 AM | Wednesday: 11:00 AM – 4:00 AM | Thursday: 11:00 AM – 4:00 AM | Friday: 11:00 AM – 4:00 AM | Saturday: 11:00 AM – 4:00 AM | Sunday: 11:00 AM – 4:00 AM;10;5;True;True;True;False;True;True;True;Moema;alta;original;moema;32;4504;83,69000244;8,600000381;34;8,539999962;-0,829999983;35,75;0;82,41000366
ChIJlTQHLb9ZzpQREx81WxKMHnM;Burger King;Av. Brigadeiro Luís Antônio, 633 - Jardim Paulista, São Paulo - SP, 01311-000, Brazil;jardim paulista;-235678293;-466493173;;https://burgerking.harmo.me/;4.1;17742.0;2.0;OPERATIONAL;True;establishment, food, meal_delivery, point_of_interest, restaurant;Monday: 9:00 AM – 2:00 AM | Tuesday: 9:00 AM – 2:00 AM | Wednesday: 9:00 AM – 2:00 AM | Thursday: 9:00 AM – 2:00 AM | Friday: 9:00 AM – 2:00 AM | Saturday: 9:00 AM – 2:00 AM | Sunday: 9:00 AM – 2:00 AM;10;5;True;True;True;False;True;True;True;Jardim Paulista;alta;original;jardim paulista;45;4318;104,7300034;8,699999809;36;6,460000038;-2,849999905;22,75;0;146,3300018
ChIJ6ZvFUq9ZzpQR46AnMpx0_iQ;Burger King;Av. da Liberdade, 593 - Liberdade, São Paulo - SP, 01503-001, Brazil;liberdade;-235580754;-466367262;;https://burgerking.harmo.me/;3.9;6126.0;2.0;OPERATIONAL;True;establishment, food, meal_delivery, point_of_interest, restaurant;Monday: 10:00 AM – 10:00 PM | Tuesday: 10:00 AM – 10:00 PM | Wednesday: 10:00 AM – 10:00 PM | Thursday: 10:00 AM – 10:00 PM | Friday: 10:00 AM – 10:00 PM | Saturday: 10:00 AM – 10:00 PM | Sunday: 10:00 AM – 10:00 PM;10;5;False;True;True;False;True;True;True;Liberdade;alta;original;liberdade;49;2106;49,16999817;8,300000191;31;10,39999962;-3,339999914;52,29000092;0;173,9199982
ChIJ3Wb8ghpdzpQRY0HZx9uvjkM;Burger King;Av. Aricanduva, 5555 - Shopping Interlar - Aricanduva, São Paulo - SP, 03527-906, Brazil;aricanduva;-235555299;-465164392;;https://burgerking.harmo.me/;1.8;5.0;;OPERATIONAL;True;establishment, food, meal_delivery, point_of_interest, restaurant;Monday: 10:00 AM – 10:00 PM | Tuesday: 10:00 AM – 10:00 PM | Wednesday: 10:00 AM – 10:00 PM | Thursday: 10:00 AM – 10:00 PM | Friday: 10:00 AM – 10:00 PM | Saturday: 10:00 AM – 10:00 PM | Sunday: 10:00 AM – 10:00 PM;10;5;True;;;;;;;Aricanduva;alta;original;aricanduva;4;1311;21,02000046;6,800000191;27;18,43000031;-1,070000052;76,22000122;5,380000114;138,5399933
ChIJZ9v5gfpbzpQRPDXuTXVEoMY;Burger King;Av. José Maria Whitaker, 418 - Planalto Paulista, São Paulo - SP, 04026-002, Brazil;sé;-2360559;-4664939;;https://burgerking.harmo.me/;3.7;2339.0;2.0;OPERATIONAL;True;establishment, food, meal_delivery, point_of_interest, restaurant;Monday: 10:00 AM – 10:30 PM | Tuesday: 10:00 AM – 10:30 PM | Wednesday: 10:00 AM – 10:30 PM | Thursday: 10:00 AM – 10:30 PM | Friday: 10:00 AM – 10:30 PM | Saturday: 10:00 AM – 10:30 PM | Sunday: 10:00 AM – 10:30 PM;10;5;True;True;True;False;True;True;True;Sé;alta;original;sé;78;1366;36,08000183;7,099999905;29;19,61000061;-4,800000191;127,3700027;0;101,2099991
ChIJ-4aIvy5fzpQRXUJo0QuYFW0;Burger King;Rua Doutor - R. Melo Freire, S/N - Tatuapé, São Paulo - SP, 03314-030, Brazil;tatuapé;-235418344;-465770214;;https://burgerking.harmo.me/;3.9;889.0;2.0;OPERATIONAL;True;establishment, food, meal_delivery, point_of_interest, restaurant;Monday: 10:00 AM – 10:00 PM | Tuesday: 10:00 AM – 10:00 PM | Wednesday: 10:00 AM – 10:00 PM | Thursday: 10:00 AM – 10:00 PM | Friday: 10:00 AM – 10:00 PM | Saturday: 10:00 AM – 10:00 PM | Sunday: 11:00 AM – 10:00 PM;10;5;True;True;True;False;;True;True;Tatuapé;alta;original;tatuapé;80;2013;47,63999939;8,199999809;34;18,20000076;-1,090000033;43,68000031;0;94,5
ChIJHz4f15dZzpQRfZBqZKPW1ts;Burger King;R. Treze de Maio, 1947 - Bela Vista, São Paulo - SP, 01327-001, Brazil;bela vista;-235705533;-466435249;;https://burgerking.harmo.me/;3.8;1519.0;2.0;OPERATIONAL;True;establishment, food, meal_delivery, point_of_interest, restaurant;Monday: 10:00 AM – 10:00 PM | Tuesday: 10:00 AM – 10:00 PM | Wednesday: 10:00 AM – 10:00 PM | Thursday: 10:00 AM – 10:00 PM | Friday: 10:00 AM – 10:00 PM | Saturday: 10:00 AM – 10:00 PM | Sunday: 11:00 AM – 10:00 PM;10;5;True;True;True;;True;True;True;Bela Vista;alta;original;bela vista;7;2400;53,65000153;8,399999619;32;12,40999985;-2,00999999;59,86000061;0;249,6000061
ChIJ4wXGr1FezpQR4fLt1hmgIPY;Burger King;R. Dr. João Ribeiro, 304 - Penha de França, São Paulo - SP, 03634-000, Brazil;penha;-2352477;-4654741;;https://burgerking.harmo.me/;4.2;1810.0;2.0;OPERATIONAL;True;establishment, food, meal_delivery, point_of_interest, restaurant;Monday: 10:00 AM – 10:00 PM | Tuesday: 10:00 AM – 10:00 PM | Wednesday: 10:00 AM – 10:00 PM | Thursday: 10:00 AM – 10:00 PM | Friday: 10:00 AM – 10:00 PM | Saturday: 10:00 AM – 10:00 PM | Sunday: 12:00 – 10:00 PM;10;5;True;True;True;;;True;True;Penha;alta;original;penha;59;1896;27,12000084;7,400000095;30;16,12000084;-0,930000007;62,70999908;1,480000019;112,3499985
ChIJTQBgXBxZzpQRNy7wralGM74;Burger King;Av. Paulista, 1230 - Piso 03 - Bela Vista, São Paulo - SP, 01310-100, Brazil;bela vista;-235641014;-46652803;;https://burgerking.harmo.me/;4.0;3828.0;2.0;OPERATIONAL;True;establishment, food, meal_delivery, point_of_interest, restaurant;Monday: 10:00 AM – 10:00 PM | Tuesday: 10:00 AM – 10:00 PM | Wednesday: 10:00 AM – 10:00 PM | Thursday: 10:00 AM – 10:00 PM | Friday: 10:00 AM – 10:00 PM | Saturday: 10:00 AM – 10:00 PM | Sunday: 11:00 AM – 10:00 PM;10;5;True;True;True;False;True;True;True;Bela Vista;alta;original;bela vista;7;2400;53,65000153;8,399999619;32;12,40999985;-2,00999999;59,86000061;0;249,6000061
ChIJLSihJcNezpQRiA3LJva18H8;Burger King;R. Gonçalves Crespo, 78 - Tatuapé, São Paulo - SP, 03066-030, Brazil;tatuapé;-235389549;-465765026;;https://burgerking.harmo.me/;3.9;1118.0;2.0;OPERATIONAL;True;establishment, food, meal_delivery, point_of_interest, restaurant;Monday: 10:00 AM – 10:00 PM | Tuesday: 10:00 AM – 10:00 PM | Wednesday: 10:00 AM – 10:00 PM | Thursday: 10:00 AM – 10:00 PM | Friday: 10:00 AM – 10:00 PM | Saturday: 10:00 AM – 10:00 PM | Sunday: 11:00 AM – 10:00 PM;10;5;True;True;True;;;True;True;Tatuapé;alta;original;tatuapé;80;2013;47,63999939;8,199999809;34;18,20000076;-1,090000033;43,68000031;0;94,5
ChIJqevJOfRezpQRFnIHIg1vbl4;Burger King;Av. Conselheiro Carrão, S/N - Vila Carrão, São Paulo - SP, 03403-001, Brazil;carrão;-235370444;-465577523;;https://burgerking.harmo.me/;3.8;11818.0;2.0;OPERATIONAL;True;establishment, food, meal_delivery, point_of_interest, restaurant;Monday: 11:00 AM – 4:00 AM | Tuesday: 11:00 AM – 4:00 AM | Wednesday: 11:00 AM – 4:00 AM | Thursday: 11:00 AM – 4:00 AM | Friday: 11:00 AM – 4:00 AM | Saturday: 11:00 AM – 4:00 AM | Sunday: 11:00 AM – 4:00 AM;10;5;True;True;True;False;True;True;True;Carrão;alta;original;carrão;20;1923;32,58000183;7,400000095;31;12,34000015;-1,879999995;61,84999847;0;105,9000015
ChIJ_TaFS2FnzpQRYMZuDM6fia0;Burger King;Av. Rio das Pedras, 1320 - Jardim Aricanduva, São Paulo - SP, 03452-100, Brazil;aricanduva;-235666741;-465117119;;https://burgerking.harmo.me/;3.8;8087.0;2.0;OPERATIONAL;True;establishment, food, meal_delivery, point_of_interest, restaurant;Monday: 11:00 AM – 4:00 AM | Tuesday: 11:00 AM – 4:00 AM | Wednesday: 11:00 AM – 4:00 AM | Thursday: 11:00 AM – 4:00 AM | Friday: 11:00 AM – 4:00 AM | Saturday: 11:00 AM – 4:00 AM | Sunday: 11:00 AM – 4:00 AM;10;5;True;True;True;False;True;True;True;Aricanduva;alta;original;aricanduva;4;1311;21,02000046;6,800000191;27;18,43000031;-1,070000052;76,22000122;5,380000114;138,5399933
ChIJjxjWzrVdzpQRXNK42rSBbvU;Burger King;Av. Dr. Francisco Mesquita, 1000 - Ipiranga, São Paulo - SP, 03153-001, Brazil;ipiranga;-235945239;-4,65846E+15;;https://burgerking.harmo.me/;3.6;342.0;2.0;OPERATIONAL;True;establishment, food, meal_delivery, point_of_interest, restaurant;Monday: 11:00 AM – 10:00 PM | Tuesday: 11:00 AM – 10:00 PM | Wednesday: 11:00 AM – 10:00 PM | Thursday: 11:00 AM – 10:00 PM | Friday: 11:00 AM – 10:00 PM | Saturday: 11:00 AM – 10:00 PM | Sunday: 11:00 AM – 10:00 PM;10;5;True;True;True;;True;True;True;Ipiranga;alta;original;ipiranga;34;1892;33,65999985;7,599999905;31;17,59000015;-1,529999971;74,93000031;6,130000114;89,51999664
ChIJD4A4TmJZzpQRsgWfXnyvPRc;Burger King;Av. Morvan Dias de Figueiredo, 3177 - Vila Maria, São Paulo - SP, 02063-000, Brazil;vila maria;-235270309;-465761909;;https://burgerking.harmo.me/;3.5;359.0;2.0;OPERATIONAL;True;establishment, food, meal_delivery, point_of_interest, restaurant;Monday: 12:00 – 10:00 PM | Tuesday: 12:00 – 10:00 PM | Wednesday: 12:00 – 10:00 PM | Thursday: 12:00 – 10:00 PM | Friday: 12:00 – 10:00 PM | Saturday: 12:00 – 10:00 PM | Sunday: 12:00 – 10:00 PM;10;5;True;True;True;;;True;True;Vila Maria;alta;original;vila maria;89;1418;18,43000031;6,599999905;26;13,86999989;-1,590000033;63,16999817;7,599999905;95,94000244
ChIJM2gXhVhZzpQRWwliXMPbsAo;Burger King;R. Silva Teles, 1793 - Pari, São Paulo - SP, 03026-001, Brazil;pari;-23523833;-466049987;;https://burgerking.harmo.me/;3.7;5296.0;2.0;OPERATIONAL;True;establishment, food, meal_delivery, point_of_interest, restaurant;Monday: 11:00 AM – 4:00 AM | Tuesday: 11:00 AM – 4:00 AM | Wednesday: 11:00 AM – 4:00 AM | Thursday: 11:00 AM – 4:00 AM | Friday: 11:00 AM – 4:00 AM | Saturday: 11:00 AM – 4:00 AM | Sunday: 11:00 AM – 4:00 AM;10;5;True;False;True;False;True;True;True;Pari;alta;original;pari;56;1635;40,84999847;7,599999905;32;21,94000053;-6,239999771;99,95999908;0;53,22000122
ChIJTX2OUABbzpQRnsvlE6FTfQg;Burger King;Av. Eng. Armando de Arruda Pereira, 1577 - Jabaquara, São Paulo - SP, 04309-010, Brazil;jabaquara;-236413274;-466412888;;https://burgerking.harmo.me/;3.8;241.0;2.0;OPERATIONAL;True;establishment, food, meal_delivery, point_of_interest, restaurant;Monday: 11:00 AM – 4:00 AM | Tuesday: 11:00 AM – 4:00 AM | Wednesday: 11:00 AM – 4:00 AM | Thursday: 11:00 AM – 4:00 AM | Friday: 11:00 AM – 4:00 AM | Saturday: 11:00 AM – 4:00 AM | Sunday: 11:00 AM – 4:00 AM;10;5;True;True;True;;True;True;True;Jabaquara;alta;original;jabaquara;38;1905;24,46999931;7,099999905;27;12,61999989;-0,180000007;77,95999908;10,17000008;150,6799927
ChIJj3BGZD1ZzpQR3mZ3FGGlv4I;Burger King - Shopping Light;R. Cel. Xavier de Toledo, 23 - Centro Histórico de São Paulo, São Paulo - SP, 01048-100, Brazil;república;-235464313;-466389789;;https://burgerking.harmo.me/;4.1;962.0;2.0;OPERATIONAL;True;establishment, food, meal_delivery, point_of_interest, restaurant;Monday: 10:00 AM – 10:00 PM | Tuesday: 10:00 AM – 10:00 PM | Wednesday: 10:00 AM – 10:00 PM | Thursday: 10:00 AM – 10:00 PM | Friday: 10:00 AM – 10:00 PM | Saturday: 10:00 AM – 10:00 PM | Sunday: 12:00 – 7:00 PM;10;5;True;True;True;;;True;True;República;alta;nominatim_reverse;república;66;2614;49,34000015;8,600000381;32;19,37999916;-2,99000001;71,75;0;215,9400024
ChIJR_fFxO9nzpQR6i7GwhZI8uo;Burger King;Av. Aricanduva, 4516 - Jardim Aricanduva, São Paulo - SP, 03454-020, Brazil;aricanduva;-235600157;-465133426;;https://burgerking.harmo.me/;3.9;3260.0;2.0;OPERATIONAL;True;establishment, food, meal_delivery, point_of_interest, restaurant;Monday: 11:00 AM – 4:00 AM | Tuesday: 11:00 AM – 4:00 AM | Wednesday: 11:00 AM – 4:00 AM | Thursday: 11:00 AM – 4:00 AM | Friday: 11:00 AM – 4:00 AM | Saturday: 11:00 AM – 4:00 AM | Sunday: 11:00 AM – 4:00 AM;10;5;True;True;True;False;True;True;True;Aricanduva;alta;original;aricanduva;4;1311;21,02000046;6,800000191;27;18,43000031;-1,070000052;76,22000122;5,380000114;138,5399933
ChIJ9TaePTVYzpQR8iX2jlt9eRw;Burger King;R. Frei Caneca, 569 - Consolação, São Paulo - SP, 01307-001, Brazil;consolação;-235538161;-466529963;;https://burgerking.harmo.me/;4.0;1148.0;2.0;OPERATIONAL;True;establishment, food, meal_delivery, point_of_interest, restaurant;Monday: 10:00 AM – 10:00 PM | Tuesday: 10:00 AM – 10:00 PM | Wednesday: 10:00 AM – 10:00 PM | Thursday: 10:00 AM – 10:00 PM | Friday: 10:00 AM – 10:00 PM | Saturday: 10:00 AM – 10:00 PM | Sunday: 2:00 – 10:00 PM;10;5;False;True;True;;;True;True;Consolação;alta;original;consolação;26;3117;84,69000244;8,800000191;35;16,42000008;-2,529999971;30,88999939;0;158,3500061
ChIJDRKLGRVZzpQRfpTgUR6ck24;Burger King;Av. Angélica, 1076 - Santa Cecilia, São Paulo - SP, 01228-100, Brazil;santa cecília;-235422041;-466563294;;https://burgerking.harmo.me/;4.1;2515.0;2.0;OPERATIONAL;True;establishment, food, meal_delivery, point_of_interest, restaurant;Monday: 11:00 AM – 10:00 PM | Tuesday: 11:00 AM – 10:00 PM | Wednesday: 11:00 AM – 10:00 PM | Thursday: 11:00 AM – 10:00 PM | Friday: 11:00 AM – 10:00 PM | Saturday: 11:00 AM – 10:00 PM | Sunday: 11:00 AM – 10:00 PM;10;5;True;True;True;True;True;True;True;Santa Cecília;alta;original;santa cecília;69;2775;57,13000107;8,199999809;33;17,54000092;-2,450000048;64,30000305;0;194,4299927
ChIJB3LtG_VZzpQR6-_Oq80956U;Burger King;R. Pamplona, 1704 - Jardim Paulista, São Paulo - SP, 01405-002, Brazil;jardim paulista;-2357038;-4666131;;https://burgerking.harmo.me/;3.8;240.0;2.0;OPERATIONAL;True;establishment, food, meal_delivery, point_of_interest, restaurant;Monday: 10:00 AM – 10:00 PM | Tuesday: 10:00 AM – 10:00 PM | Wednesday: 10:00 AM – 10:00 PM | Thursday: 10:00 AM – 10:00 PM | Friday: 10:00 AM – 10:00 PM | Saturday: 10:00 AM – 10:00 PM | Sunday: 12:00 – 9:00 PM;10;5;True;True;True;False;;True;True;Jardim Paulista;alta;original;jardim paulista;45;4318;104,7300034;8,699999809;36;6,460000038;-2,849999905;22,75;0;146,3300018
ChIJYVhH6pBYzpQRVWRwtG8B2rM;Burger King;Tv. Casalbuono, 120 - Vila Guilherme, São Paulo - SP, 02047-050, Brazil;vila guilherme;-235161529;-46618752;;https://burgerking.harmo.me/;3.9;1552.0;2.0;OPERATIONAL;True;establishment, food, meal_delivery, point_of_interest, restaurant;Monday: 10:00 AM – 10:00 PM | Tuesday: 10:00 AM – 10:00 PM | Wednesday: 10:00 AM – 10:00 PM | Thursday: 10:00 AM – 10:00 PM | Friday: 10:00 AM – 10:00 PM | Saturday: 10:00 AM – 10:00 PM | Sunday: 12:00 – 10:00 PM;10;5;True;True;True;;True;True;True;Vila Guilherme;alta;original;vila guilherme;86;2202;30,53000069;7,400000095;30;14,05000019;-2,779999971;50,09999847;0;77,58000183
ChIJdzvSYf9hzpQRRQG6Opga1Kc;Burger King;Av. São Miguel, 3500 - Vila Marieta, São Paulo - SP, 01308-040, Brazil;são miguel;-235108649;-464989814;;https://burgerking.harmo.me/;3.8;3841.0;2.0;OPERATIONAL;True;establishment, food, meal_delivery, point_of_interest, restaurant;Monday: 11:00 AM – 4:00 AM | Tuesday: 11:00 AM – 4:00 AM | Wednesday: 11:00 AM – 4:00 AM | Thursday: 11:00 AM – 4:00 AM | Friday: 11:00 AM – 4:00 AM | Saturday: 11:00 AM – 4:00 AM | Sunday: 11:00 AM – 4:00 AM;10;5;True;True;True;;True;True;True;São Miguel;alta;original;são miguel;74;1023;14,92000008;6,400000095;24;22,35000038;0,129999995;81,80999756;5,610000134;138,2100067
ChIJKR130qFhzpQRW7y2AUN3PgU;Burger King;Av. São Miguel, 7830 - Vila Norma, São Paulo - SP, 03635-001, Brazil;são miguel;-234981879;-464617186;;https://burgerking.harmo.me/;4.1;4883.0;2.0;OPERATIONAL;True;establishment, food, meal_delivery, point_of_interest, restaurant;Monday: 10:00 AM – 3:00 AM | Tuesday: 10:00 AM – 3:00 AM | Wednesday: 10:00 AM – 3:00 AM | Thursday: 10:00 AM – 3:00 AM | Friday: 10:00 AM – 3:00 AM | Saturday: 10:00 AM – 4:00 AM | Sunday: 10:00 AM – 3:00 AM;10;5;True;True;True;False;;True;True;São Miguel;alta;original;são miguel;74;1023;14,92000008;6,400000095;24;22,35000038;0,129999995;81,80999756;5,610000134;138,2100067
ChIJmZ_5OhBnzpQRLipQ3ZjaIOc;Burger King;Av. Aricanduva, 5555 - Área Comercial 17 - Jardim Santa Teresinha, São Paulo - SP, 03527-900, Brazil;aricanduva;-235657299;-4,6504E+15;;https://burgerking.harmo.me/;4.1;56.0;2.0;OPERATIONAL;True;establishment, food, meal_delivery, point_of_interest, restaurant;Monday: 10:00 AM – 10:00 PM | Tuesday: 10:00 AM – 10:00 PM | Wednesday: 10:00 AM – 10:00 PM | Thursday: 10:00 AM – 10:00 PM | Friday: 10:00 AM – 10:00 PM | Saturday: 10:00 AM – 10:00 PM | Sunday: 10:00 AM – 10:00 PM;10;5;True;True;;;;True;True;Aricanduva;alta;original;aricanduva;4;1311;21,02000046;6,800000191;27;18,43000031;-1,070000052;76,22000122;5,380000114;138,5399933
ChIJUdDrmqFXzpQR6A1eZdfcJuM;Burger King;Praça Panamericana, 21 - Alto de Pinheiros, São Paulo - SP, 05461-000, Brazil;alto de pinheiros;-235548222;-467087622;;https://burgerking.harmo.me/;4.2;1737.0;2.0;OPERATIONAL;True;establishment, food, meal_delivery, point_of_interest, restaurant;Monday: 11:00 AM – 4:00 AM | Tuesday: 11:00 AM – 4:00 AM | Wednesday: 11:00 AM – 4:00 AM | Thursday: 11:00 AM – 4:00 AM | Friday: 11:00 AM – 4:00 AM | Saturday: 11:00 AM – 4:00 AM | Sunday: 11:00 AM – 4:00 AM;10;5;True;True;True;False;True;True;True;Alto de Pinheiros;alta;original;alto de pinheiros;2;4180;75,95999908;8,399999619;33;8,680000305;-2,519999981;38,56999969;0,689999998;57,56000137
ChIJLwjs47pXzpQR91EtMchR7bI;Burger King;Av. Pedroso de Morais, 1556 - Pinheiros, São Paulo - SP, 05420-002, Brazil;pinheiros;-2355874;-4669764;;https://burgerking.harmo.me/;4.1;4743.0;2.0;OPERATIONAL;True;establishment, food, meal_delivery, point_of_interest, restaurant;Monday: 11:00 AM – 10:00 PM | Tuesday: 11:00 AM – 10:00 PM | Wednesday: 11:00 AM – 10:00 PM | Thursday: 11:00 AM – 10:00 PM | Friday: 11:00 AM – 10:00 PM | Saturday: 11:00 AM – 10:00 PM | Sunday: 11:00 AM – 10:00 PM;10;5;True;True;True;False;True;True;True;Pinheiros;alta;original;pinheiros;62;3711;80,58999634;8,300000191;35;12,77999973;-2,430000067;44,20999908;0;86,93000031
ChIJmaVnFd1XzpQRAremFcqTZOk;Burger King;Av. Rebouças, 2184 - Pinheiros, São Paulo - SP, 05402-300, Brazil;pinheiros;-235658143;-466814767;;https://burgerking.harmo.me/;4.0;3164.0;2.0;OPERATIONAL;True;establishment, food, meal_delivery, point_of_interest, restaurant;Monday: 11:00 AM – 4:00 AM | Tuesday: 11:00 AM – 4:00 AM | Wednesday: 11:00 AM – 4:00 AM | Thursday: 11:00 AM – 4:00 AM | Friday: 11:00 AM – 4:00 AM | Saturday: 11:00 AM – 4:00 AM | Sunday: 11:00 AM – 4:00 AM;10;5;True;True;True;;True;True;True;Pinheiros;alta;original;pinheiros;62;3711;80,58999634;8,300000191;35;12,77999973;-2,430000067;44,20999908;0;86,93000031
ChIJgW26bglXzpQR1YlBfWZL1rg;Burger King;Av. Rebouças, 3970 - Pinheiros, São Paulo - SP, 05402-918, Brazil;pinheiros;-235725167;-466955572;;https://burgerking.harmo.me/;4.2;3362.0;2.0;OPERATIONAL;True;establishment, food, meal_delivery, point_of_interest, restaurant;Monday: 11:00 AM – 11:00 PM | Tuesday: 11:00 AM – 11:00 PM | Wednesday: 11:00 AM – 11:00 PM | Thursday: 11:00 AM – 11:00 PM | Friday: 11:00 AM – 11:00 PM | Saturday: 11:00 AM – 11:00 PM | Sunday: 11:00 AM – 11:00 PM;10;5;True;True;True;;True;True;True;Pinheiros;alta;original;pinheiros;62;3711;80,58999634;8,300000191;35;12,77999973;-2,430000067;44,20999908;0;86,93000031
ChIJE63HFztWzpQRB8jebEPHz9w;Burger King;Av. das Nações Unidas, 477 - Pinheiros, São Paulo - SP, 05477-000, Brazil;pinheiros;-235511329;-4,6722E+15;;https://burgerking.harmo.me/;3.9;499.0;2.0;OPERATIONAL;True;establishment, food, meal_delivery, point_of_interest, restaurant;Monday: 10:00 AM – 10:00 PM | Tuesday: 10:00 AM – 10:00 PM | Wednesday: 10:00 AM – 10:00 PM | Thursday: 10:00 AM – 10:00 PM | Friday: 10:00 AM – 10:00 PM | Saturday: 10:00 AM – 10:00 PM | Sunday: 12:00 – 10:00 PM;10;5;True;True;True;;;True;True;Pinheiros;alta;original;pinheiros;62;3711;80,58999634;8,300000191;35;12,77999973;-2,430000067;44,20999908;0;86,93000031
ChIJTWWjAs74zpQRnXbyD8H4of8;Burger King;Av. Emb. Macedo Soares, 6000 - Vila Leopoldina, São Paulo - SP, 05035-000, Brazil;vila leopoldina;-235171313;-467286414;;https://burgerking.harmo.me/;3.5;8493.0;2.0;OPERATIONAL;True;establishment, food, meal_delivery, point_of_interest, restaurant;Monday: 11:00 AM – 4:00 AM | Tuesday: 11:00 AM – 4:00 AM | Wednesday: 11:00 AM – 4:00 AM | Thursday: 11:00 AM – 4:00 AM | Friday: 11:00 AM – 4:00 AM | Saturday: 11:00 AM – 4:00 AM | Sunday: 11:00 AM – 4:00 AM;10;5;True;True;True;False;True;True;True;Vila Leopoldina;alta;original;vila leopoldina;88;2908;44,38999939;7,699999809;30;18,26000023;-0,25;57,06000137;11,23999977;36,79000092
ChIJyVR6i1FYzpQRjUykzTBx6uU;Burger King;R. Br. de Itapetininga, 99 - República, São Paulo - SP, 01042-001, Brazil;república;-2354505;-4664012;;https://burgerking.harmo.me/;4.3;3984.0;2.0;OPERATIONAL;True;establishment, food, meal_delivery, point_of_interest, restaurant;Monday: 9:00 AM – 9:00 PM | Tuesday: 9:00 AM – 9:00 PM | Wednesday: 9:00 AM – 9:00 PM | Thursday: 9:00 AM – 9:00 PM | Friday: 9:00 AM – 9:00 PM | Saturday: 9:00 AM – 9:00 PM | Sunday: Closed;10;5;True;True;True;;False;True;True;República;alta;original;república;66;2614;49,34000015;8,600000381;32;19,37999916;-2,99000001;71,75;0;215,9400024
ChIJqcxDDtH5zpQRQdMGU69ixYU;Burger King;Av. Dr. Felipe Pinel, 250 - Jardim Cidade Pirituba, São Paulo - SP, 05140-020, Brazil;pirituba;-234863093;-467274322;;https://burgerking.harmo.me/;3.3;2913.0;2.0;OPERATIONAL;True;establishment, food, meal_delivery, point_of_interest, restaurant;Monday: 11:00 AM – 4:00 AM | Tuesday: 11:00 AM – 4:00 AM | Wednesday: 11:00 AM – 4:00 AM | Thursday: 11:00 AM – 4:00 AM | Friday: 11:00 AM – 4:00 AM | Saturday: 11:00 AM – 4:00 AM | Sunday: 11:00 AM – 4:00 AM;10;5;True;True;True;False;True;True;True;Pirituba;alta;original;pirituba;63;1417;21,27000046;7;26;17,22999954;-0,100000001;67,44999695;4,829999924;88,62999725
ChIJqQRNVcT7zpQRnFiuLdtvtPI;Burger King;Av. Raimundo Pereira de Magalhães, 11001 - Jardim Pirituba, São Paulo - SP, 03266-000, Brazil;pirituba;-234447498;-4,6723E+15;;https://burgerking.harmo.me/;2.8;199.0;2.0;OPERATIONAL;True;establishment, food, meal_delivery, point_of_interest, restaurant;Monday: 10:00 AM – 10:00 PM | Tuesday: 10:00 AM – 10:00 PM | Wednesday: 10:00 AM – 10:00 PM | Thursday: 10:00 AM – 10:00 PM | Friday: 10:00 AM – 10:00 PM | Saturday: 10:00 AM – 10:00 PM | Sunday: 10:00 AM – 10:00 PM;10;5;True;True;True;;;True;True;Pirituba;alta;original;pirituba;63;1417;21,27000046;7;26;17,22999954;-0,100000001;67,44999695;4,829999924;88,62999725
ChIJX-I0cIdQzpQRZdaoEvuh7dE;Burger King;Av. Professor Vicente Ráo, 1700 - Santo Amaro, São Paulo - SP, 04636-001, Brazil;santo amaro;-23638726;-466771921;;https://burgerking.harmo.me/;4.0;6612.0;2.0;OPERATIONAL;True;establishment, food, meal_delivery, point_of_interest, restaurant;Monday: 11:00 AM – 4:00 AM | Tuesday: 11:00 AM – 4:00 AM | Wednesday: 11:00 AM – 4:00 AM | Thursday: 11:00 AM – 4:00 AM | Friday: 11:00 AM – 4:00 AM | Saturday: 11:00 AM – 4:00 AM | Sunday: 11:00 AM – 4:00 AM;10;5;True;True;True;False;True;True;True;Santo Amaro;alta;original;santo amaro;71;3898;78,90000153;9,199999809;34;7,449999809;-3,569999933;62,43000031;0;40,38000107
ChIJZbhnRqH4zpQRy6bZOJcmHWw;Burger King;Av. José César de Oliveira, 500 - Vila Leopoldina, São Paulo - SP, 05317-000, Brazil;sé;-2354099;-467313512;;https://burgerking.harmo.me/;3.1;190.0;2.0;OPERATIONAL;True;establishment, food, meal_delivery, point_of_interest, restaurant;Monday: 10:00 AM – 10:00 PM | Tuesday: 10:00 AM – 10:00 PM | Wednesday: 10:00 AM – 10:00 PM | Thursday: 10:00 AM – 10:00 PM | Friday: 10:00 AM – 10:00 PM | Saturday: 10:00 AM – 10:00 PM | Sunday: 10:00 AM – 9:00 PM;10;5;True;True;True;;;True;True;Sé;alta;original;sé;78;1366;36,08000183;7,099999905;29;19,61000061;-4,800000191;127,3700027;0;101,2099991
ChIJV_KFzyBRzpQRdaR1Wy_g73k;Burger King;Av. Washington Luís, 1171 - Santo Amaro, São Paulo - SP, 04662-002, Brazil;santo amaro;-236559334;-46693502;;https://burgerking.harmo.me/;3.9;3705.0;2.0;OPERATIONAL;True;establishment, food, meal_delivery, point_of_interest, restaurant;Monday: 11:00 AM – 4:00 AM | Tuesday: 11:00 AM – 4:00 AM | Wednesday: 11:00 AM – 4:00 AM | Thursday: 11:00 AM – 4:00 AM | Friday: 11:00 AM – 4:00 AM | Saturday: 11:00 AM – 4:00 AM | Sunday: 11:00 AM – 4:00 AM;10;5;True;True;True;;True;True;True;Santo Amaro;alta;original;santo amaro;71;3898;78,90000153;9,199999809;34;7,449999809;-3,569999933;62,43000031;0;40,38000107
ChIJI8EyA8BRzpQR7Cl_IHL9DI4;Burger King;Av. Interlagos, 3650 - Jardim Campo Grande, São Paulo - SP, 04660-006, Brazil;campo grande;-236815714;-4,66894E+15;;https://burgerking.harmo.me/;3.9;1152.0;2.0;OPERATIONAL;True;establishment, food, meal_delivery, point_of_interest, restaurant;Monday: 11:00 AM – 4:00 AM | Tuesday: 11:00 AM – 4:00 AM | Wednesday: 11:00 AM – 4:00 AM | Thursday: 11:00 AM – 4:00 AM | Friday: 11:00 AM – 4:00 AM | Saturday: 11:00 AM – 4:00 AM | Sunday: 11:00 AM – 4:00 AM;10;5;True;True;True;False;True;True;True;Campo Grande;alta;original;campo grande;16;2592;32,90999985;8,199999809;29;19,5;0,670000017;76,90000153;2,180000067;64,76999664
ChIJLWhf4FZdzpQRiocyY3WrlSo;Burger King;Av. Aricanduva, 5555 - FF017 - Vila Aricanduva, São Paulo - SP, 03527-000, Brazil;aricanduva;-235555299;-465164392;;https://burgerking.harmo.me/;2.3;8.0;2.0;OPERATIONAL;True;establishment, food, meal_delivery, point_of_interest, restaurant;Monday: 10:00 AM – 10:00 PM | Tuesday: 10:00 AM – 10:00 PM | Wednesday: 10:00 AM – 10:00 PM | Thursday: 10:00 AM – 10:00 PM | Friday: 10:00 AM – 10:00 PM | Saturday: 10:00 AM – 10:00 PM | Sunday: 10:00 AM – 10:00 PM;10;5;True;True;True;;;True;True;Aricanduva;alta;original;aricanduva;4;1311;21,02000046;6,800000191;27;18,43000031;-1,070000052;76,22000122;5,380000114;138,5399933
ChIJr3m6_R9nzpQRoADQeELGyBk;Burger King;Av. Aricanduva, 5555 Setor Leste - S\T - Vila Aricanduva, São Paulo - SP, 03490-000, Brazil;aricanduva;-235595991;-465124837;;https://burgerking.harmo.me/;3.9;1663.0;2.0;OPERATIONAL;True;establishment, food, meal_delivery, point_of_interest, restaurant;Monday: 10:00 AM – 10:00 PM | Tuesday: 10:00 AM – 10:00 PM | Wednesday: 10:00 AM – 10:00 PM | Thursday: 10:00 AM – 10:00 PM | Friday: 10:00 AM – 10:00 PM | Saturday: 10:00 AM – 10:00 PM | Sunday: 10:00 AM – 10:00 PM;10;5;True;True;True;;;True;True;Aricanduva;alta;original;aricanduva;4;1311;21,02000046;6,800000191;27;18,43000031;-1,070000052;76,22000122;5,380000114;138,5399933
ChIJWZfc0LdnzpQRqntF3Mut_kc;Burger King;Av. Itaquera, 6937 - Vila Carmosina, São Paulo - SP, 03526-000, Brazil;itaquera;-235499306;-464623186;;https://burgerking.harmo.me/;3.8;1180.0;2.0;OPERATIONAL;True;establishment, food, meal_delivery, point_of_interest, restaurant;Monday: 11:00 AM – 4:00 AM | Tuesday: 11:00 AM – 4:00 AM | Wednesday: 11:00 AM – 4:00 AM | Thursday: 11:00 AM – 4:00 AM | Friday: 11:00 AM – 4:00 AM | Saturday: 11:00 AM – 4:00 AM | Sunday: 11:00 AM – 4:00 AM;10;5;True;True;True;;True;True;True;Itaquera;alta;original;itaquera;37;1182;12,42000008;6,400000095;24;16,98999977;1,029999971;82,94000244;3,230000019;126,4000015
ChIJFT2pI6BnzpQRKjC9ZYwv4E8;Burger King;Shop. Metrô Itaquera - Av. José Pinheiro Borges, Andar Terreo - Cidade Antônio Estêvão de Carvalho, São Paulo - SP, 08220-900, Brazil;itaquera;-235406376;-464705868;;https://burgerking.harmo.me/;2.8;15.0;2.0;OPERATIONAL;True;establishment, food, meal_delivery, point_of_interest, restaurant;Monday: 10:00 AM – 10:00 PM | Tuesday: 10:00 AM – 10:00 PM | Wednesday: 10:00 AM – 10:00 PM | Thursday: 10:00 AM – 10:00 PM | Friday: 10:00 AM – 10:00 PM | Saturday: 10:00 AM – 10:00 PM | Sunday: 10:00 AM – 10:00 PM;10;5;True;True;True;;;True;True;Itaquera;alta;original;itaquera;37;1182;12,42000008;6,400000095;24;16,98999977;1,029999971;82,94000244;3,230000019;126,4000015
ChIJFxBE4YZmzpQRRnB2vFDCYTg;Burger King;Av. Jacu-Pêssego, 8210 - Itaquera, São Paulo - SP, 08260-005, Brazil;itaquera;-235400519;-4,64502E+15;;https://burgerking.harmo.me/;3.7;11101.0;2.0;OPERATIONAL;True;establishment, food, meal_delivery, point_of_interest, restaurant;Monday: 11:00 AM – 4:00 AM | Tuesday: 11:00 AM – 4:00 AM | Wednesday: 11:00 AM – 4:00 AM | Thursday: 11:00 AM – 4:00 AM | Friday: 11:00 AM – 4:00 AM | Saturday: 11:00 AM – 4:00 AM | Sunday: 11:00 AM – 4:00 AM;10;5;True;True;True;False;False;True;True;Itaquera;alta;original;itaquera;37;1182;12,42000008;6,400000095;24;16,98999977;1,029999971;82,94000244;3,230000019;126,4000015
ChIJ-cB7Z6lZzpQRrO2fyzHCb48;Burger King;Av. Paulista, 2198 - Bela Vista, São Paulo - SP, 01310-300, Brazil;bela vista;-235576325;-466603863;;https://burgerking.harmo.me/;3.0;302.0;2.0;OPERATIONAL;True;establishment, food, meal_delivery, point_of_interest, restaurant;Monday: 9:00 AM – 2:00 AM | Tuesday: 9:00 AM – 2:00 AM | Wednesday: 9:00 AM – 2:00 AM | Thursday: 9:00 AM – 2:00 AM | Friday: 9:00 AM – 2:00 AM | Saturday: 9:00 AM – 2:00 AM | Sunday: 9:00 AM – 2:00 AM;10;5;True;True;True;;True;True;True;Bela Vista;alta;original;bela vista;7;2400;53,65000153;8,399999619;32;12,40999985;-2,00999999;59,86000061;0;249,6000061
ChIJwc-0qSZezpQR4uDwtDmcCpQ;Burger King;Av. Amador Bueno da Veiga, 2521 - Penha de França, São Paulo - SP, 03653-000, Brazil;penha;-235224114;-465211942;;https://burgerking.harmo.me/;3.8;987.0;2.0;OPERATIONAL;True;establishment, food, meal_delivery, point_of_interest, restaurant;Monday: 10:00 AM – 10:00 PM | Tuesday: 10:00 AM – 10:00 PM | Wednesday: 10:00 AM – 10:00 PM | Thursday: 10:00 AM – 10:00 PM | Friday: 10:00 AM – 10:00 PM | Saturday: 10:00 AM – 10:00 PM | Sunday: 10:00 AM – 9:00 PM;10;5;True;True;True;;True;True;True;Penha;alta;original;penha;59;1896;27,12000084;7,400000095;30;16,12000084;-0,930000007;62,70999908;1,480000019;112,3499985
ChIJK0hWYwBZzpQRWE143Vzwvng;Burger King;R. João Teodoro, 1476 - loja 6 - Brás, São Paulo - SP, 03009-000, Brazil;brás;-235355343;-466183339;;https://www.burgerking.com.br/;3.3;16.0;;OPERATIONAL;False;establishment, food, point_of_interest, restaurant;Monday: 10:00 AM – 6:00 PM | Tuesday: 10:00 AM – 6:00 PM | Wednesday: 10:00 AM – 6:00 PM | Thursday: 10:00 AM – 6:00 PM | Friday: 10:00 AM – 6:00 PM | Saturday: 10:00 AM – 6:00 PM | Sunday: Closed;3;5;True;True;;;;;True;Brás;alta;original;brás;10;1942;28,96999931;7;30;13,64000034;-4,480000019;120,6699982;0;76,19000244
ChIJY_Cf2s1hzpQRe7ZW38Eyihk;Burger King;NIPONICA SECAO RURAL - Av. Jacu-Pêssego, 1495 - LOTE 31 - Colônia (Zona Leste), São Paulo - SP, 08260-000, Brazil;sé;-235069273;-464570406;;https://burgerking.harmo.me/;4.0;48.0;2.0;OPERATIONAL;True;establishment, food, meal_delivery, point_of_interest, restaurant;Monday: 11:00 AM – 4:00 AM | Tuesday: 11:00 AM – 4:00 AM | Wednesday: 11:00 AM – 4:00 AM | Thursday: 11:00 AM – 4:00 AM | Friday: 11:00 AM – 4:00 AM | Saturday: 11:00 AM – 4:00 AM | Sunday: 11:00 AM – 4:00 AM;0;5;True;True;True;;;True;;Sé;alta;original;sé;78;1366;36,08000183;7,099999905;29;19,61000061;-4,800000191;127,3700027;0;101,2099991
ChIJnWnw4O9nzpQRKgMFW9kmRpU;Burger King;Av. José Pinheiro Borges, 900 - Shopping salas 257, 258 / Piso - Itaquera, São Paulo - SP, 08220-900, Brazil;itaquera;-235402846;-464710195;;https://burgerking.harmo.me/;4.1;978.0;2.0;OPERATIONAL;True;establishment, food, meal_delivery, point_of_interest, restaurant;Monday: 10:00 AM – 10:00 PM | Tuesday: 10:00 AM – 10:00 PM | Wednesday: 10:00 AM – 10:00 PM | Thursday: 10:00 AM – 10:00 PM | Friday: 10:00 AM – 10:00 PM | Saturday: 10:00 AM – 11:00 PM | Sunday: 10:00 AM – 10:00 PM;10;5;True;True;True;;;True;True;Itaquera;alta;original;itaquera;37;1182;12,42000008;6,400000095;24;16,98999977;1,029999971;82,94000244;3,230000019;126,4000015
ChIJvwpmNapZzpQRDis7ooiZ5oQ;Burger King;Av. Brigadeiro Luís Antônio, 2013 - Bela Vista, São Paulo - SP, 01317-906, Brazil;bela vista;-235664239;-466469243;;https://www.burgerking.com.br/;4.4;5.0;2.0;CLOSED_PERMANENTLY;;establishment, food, point_of_interest, restaurant;;0;5;True;;;;;True;;Bela Vista;alta;original;bela vista;7;2400;53,65000153;8,399999619;32;12,40999985;-2,00999999;59,86000061;0;249,6000061
ChIJ1THknztZzpQRL5Gc0gttacE;Burger Kimg;Av. Alcântara Machado, 1312-2200 - Brás, São Paulo - SP, 03101-001, Brazil;brás;-235504698;-466064156;(11) 3721-4700;http://www.burgerking.com.br/;2.3;21.0;;OPERATIONAL;False;establishment, food, point_of_interest, restaurant;Monday: 11:00 AM – 7:00 PM | Tuesday: 11:00 AM – 7:00 PM | Wednesday: 11:00 AM – 7:00 PM | Thursday: 11:00 AM – 7:00 PM | Friday: 11:00 AM – 7:00 PM | Saturday: 11:00 AM – 7:00 PM | Sunday: Closed;3;5;True;True;;;;;True;Brás;alta;original;brás;10;1942;28,96999931;7;30;13,64000034;-4,480000019;120,6699982;0;76,19000244
ChIJs0gk58dZzpQRkGuukhvUerk;Burger King;R. Tiers, 262 - Pari, São Paulo - SP, 03031-000, Brazil;pari;-235329208;-466207085;;https://burgerking.harmo.me/;4.3;12.0;2.0;OPERATIONAL;True;establishment, food, meal_delivery, point_of_interest, restaurant;Monday: 12:00 – 10:00 PM | Tuesday: 12:00 – 10:00 PM | Wednesday: 12:00 – 10:00 PM | Thursday: 12:00 – 10:00 PM | Friday: 12:00 – 10:00 PM | Saturday: 12:00 – 10:00 PM | Sunday: 12:00 – 10:00 PM;3;5;True;True;;;;True;True;Pari;alta;original;pari;56;1635;40,84999847;7,599999905;32;21,94000053;-6,239999771;99,95999908;0;53,22000122
ChIJhUvNLDlZzpQRVZ4pSHPbbAk;Burger King;R. Joaquim Murtinho, 42 - Bom Retiro, São Paulo - SP, 01123-040, Brazil;bom retiro;-235277008;-466362799;;https://burgerking.harmo.me/;4.1;693.0;2.0;OPERATIONAL;True;establishment, food, meal_delivery, point_of_interest, restaurant;Monday: Open 24 hours | Tuesday: Open 24 hours | Wednesday: Open 24 hours | Thursday: Open 24 hours | Friday: Open 24 hours | Saturday: Open 24 hours | Sunday: Closed;10;5;True;True;True;;True;True;True;Bom Retiro;alta;original;bom retiro;9;1710;37,54999924;7,699999809;30;22,95000076;-5,119999886;75,83999634;1,419999957;69,47000122
ChIJAd306IVYzpQR1-qyBAjlHXQ;Burger King;R. Voluntários da Pátria, 233 - Santana, São Paulo - SP, 02011-000, Brazil;santana;-235179788;-466283837;;https://burgerking.harmo.me/;3.8;3318.0;2.0;OPERATIONAL;True;establishment, food, meal_delivery, point_of_interest, restaurant;Monday: 11:00 AM – 4:00 AM | Tuesday: 11:00 AM – 4:00 AM | Wednesday: 11:00 AM – 4:00 AM | Thursday: 11:00 AM – 4:00 AM | Friday: 11:00 AM – 4:00 AM | Saturday: 11:00 AM – 4:00 AM | Sunday: 11:00 AM – 4:00 AM;10;5;True;True;True;;True;True;True;Santana;alta;original;santana;70;2329;42,20000076;8,300000191;32;7,420000076;-0,839999974;47,06999969;0,889999986;104,7699966
ChIJbXflCOFYzpQRJuGhQDNQSZE;Bk;R. Conselheiro Belisário, 305 - Brás, São Paulo - SP, 03012-000, Brazil;brás;-235391391;-46615756;;;3.0;3.0;;OPERATIONAL;;establishment, food, point_of_interest, restaurant;;1;3;;True;;;;;;Brás;alta;original;brás;10;1942;28,96999931;7;30;13,64000034;-4,480000019;120,6699982;0;76,19000244
ChIJDUpPeQD5zpQR11OlEuQceQs;Burger King;R. Parapuã, 1984 - Anexo 1988 - Brasilândia, São Paulo - SP, 02831-001, Brazil;brás;-234688944;-466945793;;https://burgerking.harmo.me/;2.9;353.0;2.0;OPERATIONAL;True;establishment, food, meal_delivery, point_of_interest, restaurant;Monday: 11:00 AM – 4:00 AM | Tuesday: 11:00 AM – 4:00 AM | Wednesday: 11:00 AM – 4:00 AM | Thursday: 11:00 AM – 4:00 AM | Friday: 11:00 AM – 4:00 AM | Saturday: 11:00 AM – 4:00 AM | Sunday: 11:00 AM – 4:00 AM;10;5;True;True;True;;True;True;True;Brás;alta;original;brás;10;1942;28,96999931;7;30;13,64000034;-4,480000019;120,6699982;0;76,19000244
ChIJC4QlH2P3zpQRKCvpojkNO5Q;Burger King;R. Gen. Isidoro Dias Lopes, 26 - Vila Amalia (Zona Norte), São Paulo - SP, 02618-290, Brazil;santana;-234692343;-466464289;;https://burgerking.harmo.me/;3.6;2151.0;2.0;OPERATIONAL;True;establishment, food, meal_delivery, point_of_interest, restaurant;Monday: 11:00 AM – 4:00 AM | Tuesday: 11:00 AM – 4:00 AM | Wednesday: 11:00 AM – 4:00 AM | Thursday: 11:00 AM – 4:00 AM | Friday: 11:00 AM – 4:00 AM | Saturday: 11:00 AM – 4:00 AM | Sunday: 11:00 AM – 4:00 AM;10;5;True;True;True;;True;True;True;Santana;alta;original;santana;70;2329;42,20000076;8,300000191;32;7,420000076;-0,839999974;47,06999969;0,889999986;104,7699966
ChIJjxLwapf3zpQREXGbpztHkGk;Burger King;Av. Eng. Caetano Álvares, 3450 - Limão, São Paulo - SP, 02537-117, Brazil;limão;-2349005;-4665504;;https://burgerking.harmo.me/;3.7;10520.0;2.0;OPERATIONAL;True;establishment, food, meal_delivery, point_of_interest, restaurant;Monday: 11:00 AM – 4:00 AM | Tuesday: 11:00 AM – 4:00 AM | Wednesday: 11:00 AM – 4:00 AM | Thursday: 11:00 AM – 4:00 AM | Friday: 11:00 AM – 4:00 AM | Saturday: 11:00 AM – 4:00 AM | Sunday: 11:00 AM – 4:00 AM;10;5;True;True;True;False;True;True;True;Limão;alta;original;limão;50;2266;21,59000015;7,099999905;27;13,31999969;-1,460000038;89,91999817;5,239999771;133,3200073
ChIJ-UdcWfb3zpQRAf0dImMHhzE;Burger King;R. Marambaia, 200 - Casa Verde, São Paulo - SP, 02513-000, Brazil;casa verde;-235134299;-466549922;;https://burgerking.harmo.me/;3.3;238.0;2.0;OPERATIONAL;True;establishment, food, meal_delivery, point_of_interest, restaurant;Monday: 12:00 – 10:00 PM | Tuesday: 12:00 – 10:00 PM | Wednesday: 12:00 – 10:00 PM | Thursday: 12:00 – 10:00 PM | Friday: 12:00 – 10:00 PM | Saturday: 12:00 – 10:00 PM | Sunday: 12:00 – 10:00 PM;10;5;True;True;True;;;True;True;Casa Verde;alta;original;casa verde;21;1847;29,36000061;7,400000095;29;12,68999958;-1,600000024;67,66999817;0;125,2600021
ChIJLR2dz9RVzpQRjIwmelD4oeA;Burger King;SP-270, Km 14 - S/N - Butantã, São Paulo - SP, 05577-200, Brazil;butantã;-23587953;-467510556;;https://burgerking.harmo.me/;4.1;937.0;2.0;OPERATIONAL;True;establishment, food, meal_delivery, point_of_interest, restaurant;Monday: 10:00 AM – 10:00 PM | Tuesday: 10:00 AM – 10:00 PM | Wednesday: 10:00 AM – 10:00 PM | Thursday: 10:00 AM – 10:00 PM | Friday: 10:00 AM – 10:00 PM | Saturday: 10:00 AM – 10:00 PM | Sunday: 10:00 AM – 10:00 PM;10;5;True;True;True;;True;True;True;Butantã;alta;original;butantã;12;2311;50,31999969;8,399999619;31;18,12999916;-1,600000024;44,72999954;0,25999999;42,81999969
ChIJyQLYjqT3zpQRMfswYEWQJtU;Burger King;R. Conselheiro Moreira de Barros, 2780 - Santana, São Paulo - SP, 02430-001, Brazil;santana;-234828892;-466450402;;https://burgerking.harmo.me/;3.9;2179.0;2.0;OPERATIONAL;True;establishment, food, meal_delivery, point_of_interest, restaurant;Monday: 10:00 AM – 10:00 PM | Tuesday: 10:00 AM – 10:00 PM | Wednesday: 10:00 AM – 10:00 PM | Thursday: 10:00 AM – 10:00 PM | Friday: 10:00 AM – 10:00 PM | Saturday: 10:00 AM – 10:00 PM | Sunday: 11:00 AM – 10:00 PM;10;5;True;True;True;;True;True;True;Santana;alta;original;santana;70;2329;42,20000076;8,300000191;32;7,420000076;-0,839999974;47,06999969;0,889999986;104,7699966
ChIJp2GbJcv3zpQRszbftEthoA0;Burger King;R. Conselheiro Moreira de Barros, 863 - Santana, São Paulo - SP, 02018-017, Brazil;santana;-234932;-4663249;;https://burgerking.harmo.me/;4.0;5248.0;2.0;OPERATIONAL;True;establishment, food, meal_delivery, point_of_interest, restaurant;Monday: 11:00 AM – 11:00 PM | Tuesday: 11:00 AM – 11:00 PM | Wednesday: 11:00 AM – 11:00 PM | Thursday: 11:00 AM – 11:00 PM | Friday: 11:00 AM – 11:00 PM | Saturday: 11:00 AM – 11:00 PM | Sunday: 11:00 AM – 11:00 PM;10;5;True;True;True;False;True;True;True;Santana;alta;original;santana;70;2329;42,20000076;8,300000191;32;7,420000076;-0,839999974;47,06999969;0,889999986;104,7699966
ChIJ88WApOJXzpQRy5-66bu1Pck;Burger King;R. Palestra Itália, 2100 - Perdizes, São Paulo - SP, 05005-900, Brazil;perdizes;-235267034;-466809449;;https://burgerking.harmo.me/;3.8;829.0;2.0;OPERATIONAL;True;establishment, food, meal_delivery, point_of_interest, restaurant;Monday: 10:00 AM – 10:00 PM | Tuesday: 10:00 AM – 10:00 PM | Wednesday: 10:00 AM – 10:00 PM | Thursday: 10:00 AM – 10:00 PM | Friday: 10:00 AM – 10:00 PM | Saturday: 10:00 AM – 10:00 PM | Sunday: 10:00 AM – 10:00 PM;10;5;True;True;True;;True;True;True;Perdizes;alta;original;perdizes;60;3456;61,27000046;8,699999809;34;9,229999542;-0,949999988;29,54999924;0;170,0800018
ChIJqw4kls33zpQRBvm7pxDxX6g;Burger King;Av. Tucuruvi, 248 - Tucuruvi, São Paulo - SP, 02304-000, Brazil;tucuruvi;-23478272;-466095749;;https://burgerking.harmo.me/;2.1;85.0;2.0;OPERATIONAL;True;establishment, food, meal_delivery, point_of_interest, restaurant;Monday: Open 24 hours | Tuesday: Open 24 hours | Wednesday: Open 24 hours | Thursday: Open 24 hours | Friday: Open 24 hours | Saturday: Open 24 hours | Sunday: Open 24 hours;10;5;True;True;True;;;True;True;Tucuruvi;alta;original;tucuruvi;82;2381;33,27999878;8;31;13,15999985;-1,840000033;36,81999969;0;113,2900009
ChIJ27YRlLtYzpQRCWHKhGOd1yE;Burger King;Av. Joaquina Ramalho, 340 - Vila Guilherme, São Paulo - SP, 02056-080, Brazil;vila guilherme;-235140233;-466063495;;https://burgerking.harmo.me/;3.0;305.0;2.0;OPERATIONAL;True;establishment, food, meal_delivery, point_of_interest, restaurant;Monday: 10:00 AM – 10:00 PM | Tuesday: 10:00 AM – 10:00 PM | Wednesday: 10:00 AM – 10:00 PM | Thursday: 10:00 AM – 10:00 PM | Friday: 10:00 AM – 10:00 PM | Saturday: 10:00 AM – 10:00 PM | Sunday: 10:00 AM – 8:00 PM;10;5;False;True;True;;;True;;Vila Guilherme;alta;original;vila guilherme;86;2202;30,53000069;7,400000095;30;14,05000019;-2,779999971;50,09999847;0;77,58000183
ChIJQZIOpCJZzpQR3L9z2113Vp0;Burger King;R. Voluntários da Pátria, 560 - Santana, São Paulo - SP, 02010-000, Brazil;santana;-235158925;-46626174;;https://burgerking.harmo.me/;2.9;81.0;2.0;OPERATIONAL;True;establishment, food, meal_delivery, point_of_interest, restaurant;Monday: 10:00 AM – 10:00 PM | Tuesday: 10:00 AM – 10:00 PM | Wednesday: 10:00 AM – 10:00 PM | Thursday: 10:00 AM – 10:00 PM | Friday: 10:00 AM – 10:00 PM | Saturday: 10:00 AM – 10:00 PM | Sunday: 10:00 AM – 9:00 PM;10;5;True;True;True;;;True;True;Santana;alta;original;santana;70;2329;42,20000076;8,300000191;32;7,420000076;-0,839999974;47,06999969;0,889999986;104,7699966
ChIJJ4Es4dr3zpQR4SJDYNdC7zU;BK Grill;Av. Braz Leme, 500 - Casa Verde, São Paulo - SP, 02511-000, Brazil;casa verde;-235104686;-4,66528E+15;(11) 3197-0252;;;;;OPERATIONAL;True;establishment, food, point_of_interest, restaurant;Monday: Open 24 hours | Tuesday: Open 24 hours | Wednesday: Open 24 hours | Thursday: Open 24 hours | Friday: Open 24 hours | Saturday: Open 24 hours | Sunday: Open 24 hours;4;0;True;True;True;;True;True;True;Casa Verde;alta;original;casa verde;21;1847;29,36000061;7,400000095;29;12,68999958;-1,600000024;67,66999817;0;125,2600021
ChIJe1tLmVNkVwER0N4suiMLlCM;Burger King;R. Zacarias de Gois, 628 - Campo Belo, São Paulo - SP, 04610-001, Brazil;campo belo;-236276106;-466745124;;https://www.burgerking.com.br/;3.7;3667.0;2.0;CLOSED_PERMANENTLY;;establishment, food, point_of_interest, restaurant, store;;10;5;True;;True;;;True;True;Campo Belo;alta;original;campo belo;15;3850;66,65000153;8,600000381;31;16,62999916;-3,109999895;68,08000183;6,860000134;75,62999725
ChIJO31-EABbzpQRuQKexNkggzQ;Burger King;Av. Eng. Armando de Arruda Pereira, 1791 - Jabaquara, São Paulo - SP, 04321, Brazil;jabaquara;-236413116;-466412893;;http://burgerking.com.br/;3.6;200.0;;OPERATIONAL;True;establishment, food, point_of_interest, restaurant;Monday: 10:00 AM – 4:00 AM | Tuesday: 10:00 AM – 4:00 AM | Wednesday: 10:00 AM – 4:00 AM | Thursday: 10:00 AM – 4:00 AM | Friday: 10:00 AM – 4:00 AM | Saturday: 10:00 AM – 4:00 AM | Sunday: 10:00 AM – 4:00 AM;10;5;True;True;True;;;True;True;Jabaquara;alta;original;jabaquara;38;1905;24,46999931;7,099999905;27;12,61999989;-0,180000007;77,95999908;10,17000008;150,6799927
ChIJV5zOFn9RzpQRN9q9aEeZKXE;Burger King;Av. das Nações Unidas, 14401 - Chácara Santo Antônio (Zona Sul), São Paulo - SP, 04794-000, Brazil;campo belo;-236248103;-467042174;;https://burgerking.harmo.me/;3.5;63.0;2.0;OPERATIONAL;True;establishment, food, meal_delivery, point_of_interest, restaurant;Monday: 10:00 AM – 10:00 PM | Tuesday: 10:00 AM – 10:00 PM | Wednesday: 10:00 AM – 10:00 PM | Thursday: 10:00 AM – 10:00 PM | Friday: 10:00 AM – 10:00 PM | Saturday: 10:00 AM – 10:00 PM | Sunday: 10:00 AM – 10:00 PM;10;5;True;True;True;;;True;True;Campo Belo;alta;original;campo belo;15;3850;66,65000153;8,600000381;31;16,62999916;-3,109999895;68,08000183;6,860000134;75,62999725
ChIJNysUMDRRzpQRylPkLDwhH60;Burger King;Av. das Nações Unidas, 22540 - A7 - Lojas 09/10/11 - Santo Amaro, São Paulo - SP, 04795-000, Brazil;santo amaro;-236793945;-466983865;;https://burgerking.harmo.me/;4.0;60.0;2.0;OPERATIONAL;True;establishment, food, meal_delivery, point_of_interest, restaurant;Monday: 10:00 AM – 10:00 PM | Tuesday: 10:00 AM – 10:00 PM | Wednesday: 10:00 AM – 10:00 PM | Thursday: 10:00 AM – 10:00 PM | Friday: 10:00 AM – 10:00 PM | Saturday: 10:00 AM – 10:00 PM | Sunday: 11:00 AM – 10:00 PM;10;5;True;True;True;;;True;True;Santo Amaro;alta;original;santo amaro;71;3898;78,90000153;9,199999809;34;7,449999809;-3,569999933;62,43000031;0;40,38000107
ChIJw8f036pRzpQRFeQWvMFP3SU;Burger King;R. Amador Bueno, 229 - Santo Amaro, São Paulo - SP, 04752-005, Brazil;santo amaro;-236530286;-467105358;;https://burgerking.harmo.me/;4.1;3249.0;2.0;OPERATIONAL;True;establishment, food, meal_delivery, point_of_interest, restaurant;Monday: 10:00 AM – 10:00 PM | Tuesday: 10:00 AM – 10:00 PM | Wednesday: 10:00 AM – 10:00 PM | Thursday: 10:00 AM – 10:00 PM | Friday: 10:00 AM – 10:00 PM | Saturday: 10:00 AM – 10:00 PM | Sunday: 12:00 – 9:00 PM;10;5;True;True;True;;;True;True;Santo Amaro;alta;original;santo amaro;71;3898;78,90000153;9,199999809;34;7,449999809;-3,569999933;62,43000031;0;40,38000107
ChIJjy3T-w9RzpQRdnM0JtnLww0;Burger King;Av. João Dias, 1946 - Santo Amaro, São Paulo - SP, 04724-003, Brazil;santo amaro;-236446071;-467192574;;https://burgerking.harmo.me/;4.0;7343.0;2.0;OPERATIONAL;True;establishment, food, meal_delivery, point_of_interest, restaurant;Monday: 10:00 AM – 11:00 PM | Tuesday: 10:00 AM – 11:00 PM | Wednesday: 10:00 AM – 11:00 PM | Thursday: 10:00 AM – 2:00 AM | Friday: 10:00 AM – 2:00 AM | Saturday: 10:00 AM – 2:00 AM | Sunday: 10:00 AM – 10:00 PM;10;5;True;True;True;False;True;True;True;Santo Amaro;alta;original;santo amaro;71;3898;78,90000153;9,199999809;34;7,449999809;-3,569999933;62,43000031;0;40,38000107
ChIJAQAAX1BQzpQRSheLyb_8NMc;Burger King;R. Borba Gato, 59 - Santo Amaro, São Paulo - SP, 04747-030, Brazil;santo amaro;-236543515;-467012307;;https://burgerking.harmo.me/;4.1;1789.0;2.0;OPERATIONAL;True;establishment, food, meal_delivery, point_of_interest, restaurant;Monday: 10:00 AM – 10:00 PM | Tuesday: 10:00 AM – 10:00 PM | Wednesday: 10:00 AM – 10:00 PM | Thursday: 10:00 AM – 10:00 PM | Friday: 10:00 AM – 10:00 PM | Saturday: 10:00 AM – 10:00 PM | Sunday: 11:00 AM – 10:00 PM;10;5;True;True;True;;;True;True;Santo Amaro;alta;original;santo amaro;71;3898;78,90000153;9,199999809;34;7,449999809;-3,569999933;62,43000031;0;40,38000107
ChIJYYJOZ7FRzpQRZuomJl72TMs;Burguer King;Av. Luiz Gushiken - Jardim São Luís, São Paulo - SP, 05831-315, Brazil;jardim são luís;-236683035;-467381812;(11) 98229-6093;;1.3;47.0;;OPERATIONAL;True;establishment, food, point_of_interest, restaurant;Monday: Closed | Tuesday: Closed | Wednesday: 6:00 PM – 12:00 AM | Thursday: 6:00 PM – 12:00 AM | Friday: 6:00 PM – 12:00 AM | Saturday: 6:00 PM – 12:00 AM | Sunday: 6:00 PM – 12:00 AM;10;5;True;True;True;;;True;True;Jardim São Luís;alta;original;jardim são luís;46;1224;11,88000011;6,199999809;23;19,97999954;1,789999962;105,2600021;21,01000023;90,38999939
ChIJqYWPMAZPzpQR5TyO_GPoj4M;Burger King;Av. Sen. Teotônio Vilela, 2926 - Cidade Dutra, São Paulo - SP, 04828-100, Brazil;cidade dutra;-237264378;-467003334;;https://burgerking.harmo.me/;4.1;2827.0;2.0;OPERATIONAL;True;establishment, food, meal_delivery, point_of_interest, restaurant;Monday: 10:00 AM – 10:00 PM | Tuesday: 10:00 AM – 10:00 PM | Wednesday: 10:00 AM – 10:00 PM | Thursday: 10:00 AM – 10:00 PM | Friday: 10:00 AM – 10:00 PM | Saturday: 10:00 AM – 10:00 PM | Sunday: 10:00 AM – 10:00 PM;10;5;True;True;True;False;False;True;True;Cidade Dutra;alta;original;cidade dutra;23;1371;15,11999989;6,5;24;21,85000038;0,870000005;79,36000061;20,44000053;60,15999985
ChIJRU5NIYxPzpQRWWRtx5QO9Co;Burger King;Av. Sen. Teotônio Vilela - Vila São José, São Paulo - SP, 04837, Brazil;sé;-237419611;-46706468;;https://www.burgerking.com.br/;4.2;1579.0;2.0;OPERATIONAL;True;establishment, food, point_of_interest, restaurant;Monday: 10:00 AM – 3:00 AM | Tuesday: 10:00 AM – 3:00 AM | Wednesday: 10:00 AM – 3:00 AM | Thursday: 10:00 AM – 3:00 AM | Friday: 10:00 AM – 3:00 AM | Saturday: 10:00 AM – 3:00 AM | Sunday: 10:00 AM – 3:00 AM;10;5;True;True;True;False;False;True;True;Sé;alta;original;sé;78;1366;36,08000183;7,099999905;29;19,61000061;-4,800000191;127,3700027;0;101,2099991
ChIJ1x_eCIRRzpQRo1xOc7-xeOA;Burger King;Av. Giovanni Gronchi, 6600 - Morumbi, São Paulo - SP, 05724-002, Brazil;morumbi;-236374856;-467370811;;https://burgerking.harmo.me/;4.0;3439.0;2.0;OPERATIONAL;True;establishment, food, meal_delivery, point_of_interest, restaurant;Monday: 11:00 AM – 4:00 AM | Tuesday: 11:00 AM – 4:00 AM | Wednesday: 11:00 AM – 4:00 AM | Thursday: 11:00 AM – 4:00 AM | Friday: 11:00 AM – 4:00 AM | Saturday: 11:00 AM – 4:00 AM | Sunday: 11:00 AM – 4:00 AM;10;5;True;True;True;False;True;True;True;Morumbi;alta;original;morumbi;54;5146;102,0100021;7,400000095;28;12,35000038;-0,75;79,40000153;14,30000019;33,81999969
ChIJBV29KehTzpQRDpdXXt7Zm_A;BK Brasil Operação e Assessoria A Restaurantes;Estr. do Campo Limpo, 459 - Vila Prel, São Paulo - SP, 05777-001, Brazil;campo limpo;-236495485;-467573709;(11) 5511-8117;;4.1;662.0;;OPERATIONAL;True;establishment, food, point_of_interest, restaurant;Monday: 10:00 AM – 10:00 PM | Tuesday: 10:00 AM – 10:00 PM | Wednesday: 10:00 AM – 10:00 PM | Thursday: 10:00 AM – 10:00 PM | Friday: 10:00 AM – 10:00 PM | Saturday: 10:00 AM – 10:00 PM | Sunday: 10:00 AM – 10:00 PM;10;5;True;True;True;;;True;True;Campo Limpo;alta;original;campo limpo;17;1218;15,15999985;6,400000095;24;17,87999916;0,330000013;71,75;13,64999962;126,6399994
ChIJpd2pf2VRzpQR-BDzmlWlw48;Burger King;Av. Giovanni Gronchi, 0 - Vila Andrade, São Paulo - SP, 05724-003, Brazil;vila andrade;-2363082;-4,67363E+15;;https://burgerking.harmo.me/;2.6;68.0;2.0;OPERATIONAL;True;establishment, food, meal_delivery, point_of_interest, restaurant;Monday: 10:00 AM – 10:00 PM | Tuesday: 10:00 AM – 10:00 PM | Wednesday: 10:00 AM – 10:00 PM | Thursday: 10:00 AM – 10:00 PM | Friday: 10:00 AM – 10:00 PM | Saturday: 10:00 AM – 10:00 PM | Sunday: 10:00 AM – 10:00 PM;10;5;True;True;True;;;True;True;Vila Andrade;alta;original;vila andrade;83;3357;52,02999878;6,5;23;15,89999962;4,929999828;104,5;45,68999863;52,56999969
ChIJ8X2yIGhRzpQR_i5tBu6yl8s;Burger King;Av. Alberto Augusto Alves, 50 - Vila Andrade, São Paulo - SP, 05724-030, Brazil;vila andrade;-236419978;-467346559;;https://burgerking.harmo.me/;3.3;83.0;2.0;OPERATIONAL;True;establishment, food, meal_delivery, point_of_interest, restaurant;Monday: 10:00 AM – 10:00 PM | Tuesday: 10:00 AM – 10:00 PM | Wednesday: 10:00 AM – 10:00 PM | Thursday: 10:00 AM – 10:00 PM | Friday: 10:00 AM – 10:00 PM | Saturday: 10:00 AM – 10:00 PM | Sunday: 10:00 AM – 10:00 PM;10;5;True;True;True;;;True;True;Vila Andrade;alta;original;vila andrade;83;3357;52,02999878;6,5;23;15,89999962;4,929999828;104,5;45,68999863;52,56999969
ChIJRf9DXEVRzpQRB-apI-ZuPgo;Burger King;Shopping Morumbi Town - Av. Giovanni Gronchi, 5930 - Loja 129 - Vila Andrade, São Paulo - SP, 05724-002, Brazil;morumbi;-236316;-467376306;;https://burgerking.harmo.me/;3.9;568.0;2.0;OPERATIONAL;True;establishment, food, meal_delivery, point_of_interest, restaurant;Monday: 10:00 AM – 10:00 PM | Tuesday: 10:00 AM – 10:00 PM | Wednesday: 10:00 AM – 10:00 PM | Thursday: 10:00 AM – 10:00 PM | Friday: 10:00 AM – 10:00 PM | Saturday: 10:00 AM – 10:00 PM | Sunday: 12:00 – 10:00 PM;10;5;True;True;True;;True;True;True;Morumbi;alta;original;morumbi;54;5146;102,0100021;7,400000095;28;12,35000038;-0,75;79,40000153;14,30000019;33,81999969
ChIJ932AJ6hfzpQRSVnDU6oMUE4;Burger King;Av. Condessa Elizabeth de Robiano, 5500 - Jardim America da Penha, São Paulo - SP, 03704-900, Brazil;penha;-235207028;-465550684;;https://www.restaurantes.burgerking.com.br/burger-king-s-o-paulo-sp;3.4;168.0;2.0;OPERATIONAL;True;establishment, food, point_of_interest, restaurant;Monday: Open 24 hours | Tuesday: Open 24 hours | Wednesday: Open 24 hours | Thursday: Open 24 hours | Friday: Open 24 hours | Saturday: Open 24 hours | Sunday: Open 24 hours;10;5;True;True;True;;True;True;True;Penha;alta;original;penha;59;1896;27,12000084;7,400000095;30;16,12000084;-0,930000007;62,70999908;1,480000019;112,3499985
ChIJP8FGPAdnzpQRerloOWjFsG4;Burger King;Av. Sapopemba, 11595 - Jardim Sapopemba, São Paulo - SP, 03345-001, Brazil;sapopemba;-23613932;-46496595;;https://burgerking.harmo.me/;3.4;332.0;2.0;OPERATIONAL;True;establishment, food, meal_delivery, point_of_interest, restaurant;Monday: 11:00 AM – 11:00 PM | Tuesday: 11:00 AM – 11:00 PM | Wednesday: 11:00 AM – 11:00 PM | Thursday: 11:00 AM – 11:00 PM | Friday: 11:00 AM – 11:00 PM | Saturday: 11:00 AM – 11:00 PM | Sunday: 11:00 AM – 11:00 PM;10;5;True;True;True;;;True;True;Sapopemba;média;bairro;sapopemba;76;1087;13,68999958;6,099999905;24;18,78000069;-0,209999993;81,16999817;9,31000042;188,8300018
ChIJZYcRO7lnzpQRY6AgJLTVjtU;Burger King;Av. Jacu-Pêssego, 1200, 1200 - José Bonifácio, São Paulo - SP, 08260-005, Brazil;josé bonifácio;-235711782;-464463497;;https://burgerking.harmo.me/;3.9;1452.0;2.0;OPERATIONAL;True;establishment, food, meal_delivery, point_of_interest, restaurant;Monday: 10:00 AM – 10:00 PM | Tuesday: 10:00 AM – 10:00 PM | Wednesday: 10:00 AM – 10:00 PM | Thursday: 10:00 AM – 10:00 PM | Friday: 10:00 AM – 10:00 PM | Saturday: 10:00 AM – 10:00 PM | Sunday: 10:00 AM – 10:00 PM;10;5;True;True;True;;;True;True;José Bonifácio;alta;original;josé bonifácio;47;1075;12,26000023;6,800000191;23;17,71999931;0,039999999;72,11000061;0;73,70999908
ChIJUSy3IWVjzpQROb46tsZMvRo;Burger King;Avenida Marechal Tito, 0 - Jardim Sao Luis (Zona Leste), São Paulo - SP, 08115-100, Brazil;jardim são luís;-234942;-4639012;;https://burgerking.harmo.me/;4.0;8802.0;2.0;OPERATIONAL;True;establishment, food, meal_delivery, point_of_interest, restaurant;Monday: 11:00 AM – 4:00 AM | Tuesday: 11:00 AM – 4:00 AM | Wednesday: 11:00 AM – 4:00 AM | Thursday: 11:00 AM – 4:00 AM | Friday: 11:00 AM – 4:00 AM | Saturday: 11:00 AM – 4:00 AM | Sunday: 11:00 AM – 4:00 AM;10;5;False;True;True;False;True;True;True;Jardim São Luís;alta;original;jardim são luís;46;1224;11,88000011;6,199999809;23;19,97999954;1,789999962;105,2600021;21,01000023;90,38999939
ChIJv_iPrk5jzpQRTwsY0Pdl6Fc;Burger King;Avenida Marechal Tito, 2788 - São Miguel Paulista, São Paulo - SP, 08115-100, Brazil;são miguel;-234942779;-464193936;;https://burgerking.harmo.me/;3.5;1438.0;2.0;OPERATIONAL;True;establishment, food, meal_delivery, point_of_interest, restaurant;Monday: 11:00 AM – 4:00 AM | Tuesday: 11:00 AM – 4:00 AM | Wednesday: 11:00 AM – 4:00 AM | Thursday: 11:00 AM – 4:00 AM | Friday: 11:00 AM – 4:00 AM | Saturday: 11:00 AM – 4:00 AM | Sunday: 11:00 AM – 4:00 AM;10;5;True;True;True;;True;True;True;São Miguel;alta;original;são miguel;74;1023;14,92000008;6,400000095;24;22,35000038;0,129999995;81,80999756;5,610000134;138,2100067
ChIJw6zeNzNYzpQRNyBEy6vsrSw;Burger King;R. Augusta, 1315 - Consolação, São Paulo - SP, 01305-100, Brazil;consolação;-235555466;-466570525;;https://burgerking.harmo.me/;3.8;3848.0;2.0;CLOSED_PERMANENTLY;;establishment, food, meal_delivery, point_of_interest, restaurant;;10;5;True;True;True;False;True;True;True;Consolação;alta;original;consolação;26;3117;84,69000244;8,800000191;35;16,42000008;-2,529999971;30,88999939;0;158,3500061
ChIJP6p20DlkzpQRKm3hOfj11cE;Burger King - Extra Guaianazes;Estr. Itaquera Guaianazes, 2671 - Guaianases, São Paulo - SP, 08420-495, Brazil;guaianases;-2354187;-4642377;;;3.9;832.0;2.0;CLOSED_PERMANENTLY;;establishment, food, point_of_interest, restaurant;;10;5;True;;;;;True;;Guaianases;alta;original;guaianases;31;820;9,539999962;5,900000095;21;18,07999992;1,809999943;120,9199982;0,189999998;103,4899979
ChIJpVKRKABbzpQRqV_ep7oc6Lw;Burger King - Ypiranga;R. Leais Paulistanos, 840 - Ipiranga, São Paulo - SP, 04202-010, Brazil;ipiranga;-235780653;-466008268;;;;;;CLOSED_PERMANENTLY;;establishment, food, point_of_interest, restaurant;;0;0;;;;;;;;Ipiranga;alta;original;ipiranga;34;1892;33,65999985;7,599999905;31;17,59000015;-1,529999971;74,93000031;6,130000114;89,51999664
ChIJj4gxvl5XzpQR8oT79cWYMnw;Burger King - JOAQUIM FLORIANO;R. Joaquim Floriano, 451 - Itaim Bibi, São Paulo - SP, 04534-011, Brazil;itaim bibi;-235846716;-4,66744E+15;(11) 4199-5320;http://www.burgerking.com.br/;1.0;1.0;1.0;CLOSED_PERMANENTLY;;establishment, food, point_of_interest, restaurant;;0;1;True;;;;;True;True;Itaim Bibi;alta;original;itaim bibi;35;3278;83,30000305;8,800000191;34;10,28999996;-3,799999952;76,54000092;0,379999995;89,45999908
ChIJh93-T6pXzpQR3ZcZnNxLoT8;Burger King;R. Joaquim Floriano, 466 - Itaim Bibi, São Paulo - SP, 04534-002, Brazil;itaim bibi;-2358471;-4,66754E+15;;https://www.burgerking.com.br/;;;;CLOSED_PERMANENTLY;;establishment, food, point_of_interest, restaurant;;0;0;True;;;;;True;;Itaim Bibi;alta;original;itaim bibi;35;3278;83,30000305;8,800000191;34;10,28999996;-3,799999952;76,54000092;0,379999995;89,45999908
ChIJt3oRYUJXzpQRA7vAKy7_fpk;Burger King;Rua Tabapuã, 1263E/ 1265 - Itaim Bibi, São Paulo - SP, 04533-014, Brazil;itaim bibi;-235851633;-466827146;;http://www.burgerking.com.br/;3.8;346.0;1.0;CLOSED_PERMANENTLY;;establishment, food, point_of_interest, restaurant;;10;5;True;;;False;True;True;;Itaim Bibi;alta;original;itaim bibi;35;3278;83,30000305;8,800000191;34;10,28999996;-3,799999952;76,54000092;0,379999995;89,45999908
ChIJKUWP6XJRzpQRF_-DG9x-ksc;Burger King;Av. Maria Coelho Aguiar, 215 - Jardim São Luís, São Paulo - SP, 05805-000, Brazil;jardim são luís;-236484089;-467315043;;;4.3;38.0;2.0;CLOSED_PERMANENTLY;;establishment, food, point_of_interest, restaurant;;0;5;True;True;;;;True;;Jardim São Luís;alta;original;jardim são luís;46;1224;11,88000011;6,199999809;23;19,97999954;1,789999962;105,2600021;21,01000023;90,38999939
ChIJC9ZcJLtRzpQRNatc8-gqkeY;Burger King;Av. Guarapiranga, 752 - Jardim São Luís, São Paulo - SP, 04762-001, Brazil;jardim são luís;-236650434;-467215608;;https://www.restaurantes.burgerking.com.br/burger-king-s-o-paulo-sp;4.2;746.0;2.0;CLOSED_PERMANENTLY;;establishment, food, point_of_interest, restaurant;;10;5;True;True;True;;;True;True;Jardim São Luís;alta;original;jardim são luís;46;1224;11,88000011;6,199999809;23;19,97999954;1,789999962;105,2600021;21,01000023;90,38999939
ChIJy7v9Xi72zpQResAEqIPPQfo;Burger King;R. Voluntários da Pátria, 2331 - Santana, São Paulo - SP, 02011-500, Brazil;santana;-234997567;-466257986;;https://www.burgerking.com.br/;4.1;3250.0;2.0;CLOSED_PERMANENTLY;;establishment, food, point_of_interest, restaurant;;10;5;True;;True;;;True;;Santana;alta;original;santana;70;2329;42,20000076;8,300000191;32;7,420000076;-0,839999974;47,06999969;0,889999986;104,7699966
ChIJV1VVnCRRzpQRyjvdZvRQROc;Burger King;Av. Major Sylvio de Magalhães Padilha, S/N - Morumbi, São Paulo - SP, 05693-000, Brazil;morumbi;-236280711;-467163516;;https://www.burgerking.com.br/;3.6;33.0;2.0;CLOSED_PERMANENTLY;;establishment, food, point_of_interest, restaurant;;2;5;;True;;;;True;;Morumbi;alta;original;morumbi;54;5146;102,0100021;7,400000095;28;12,35000038;-0,75;79,40000153;14,30000019;33,81999969
ChIJgfTLh0j5zpQRFGqqmcSBDb8;Burger King;Av. Mutinga, 1300 - Vila Pirituba, São Paulo - SP, 05110-000, Brazil;pirituba;-23485958;-4673938;;https://burgerking.harmo.me/;2.6;231.0;2.0;CLOSED_PERMANENTLY;;establishment, food, meal_delivery, point_of_interest, restaurant;;10;5;True;True;True;;;True;True;Pirituba;alta;original;pirituba;63;1417;21,27000046;7;26;17,22999954;-0,100000001;67,44999695;4,829999924;88,62999725
ChIJeaK35SpVzpQRs2Wzd16eJ7Y;Burger King;Rod. Raposo Tavares, 7201 - 7201 - Jardim Adhemar de Barros, São Paulo - SP, 06730-000, Brazil;raposo tavares;-235749199;-467172363;;https://burgerking.harmo.me/;3.1;210.0;2.0;CLOSED_PERMANENTLY;;establishment, food, meal_delivery, point_of_interest, restaurant;;10;5;True;True;True;;;True;True;Raposo Tavares;alta;original;raposo tavares;65;1296;12,73999977;6,400000095;23;14,68000031;1,019999981;56,34999847;10,22999954;69,20999908
ChIJpyw__lFYzpQRdMrau1Bn4zM;Burger King;R. Sete de Abril, 257 - República, São Paulo - SP, 01043-000, Brazil;república;-235456574;-466415424;;https://www.burgerking.com.br/;4.2;3160.0;2.0;CLOSED_PERMANENTLY;;establishment, food, point_of_interest, restaurant;;10;5;True;;True;;;True;True;República;alta;original;república;66;2614;49,34000015;8,600000381;32;19,37999916;-2,99000001;71,75;0;215,9400024
ChIJo0n9XuNdzpQROicp2DH6C9w;BK Kimania dos Assados;Av. Cipriano Rodrigues, N° 735 - Vila Formosa, São Paulo - SP, 03361-010, Brazil;vila formosa;-235764667;-46527344;(11) 91130-9423;;5.0;3.0;;OPERATIONAL;False;establishment, food, point_of_interest, restaurant;Monday: Closed | Tuesday: Closed | Wednesday: Closed | Thursday: Closed | Friday: Closed | Saturday: Closed | Sunday: 11:00 AM – 2:00 PM;10;3;True;;True;;;True;;Vila Formosa;alta;original;vila formosa;85;2025;29,62000084;7,099999905;29;16,02000046;-1,370000005;48,54999924;0,879999995;123,5299988
ChIJLYAiCgBhzpQReVOqrwDD4PA;Burger King;R. Arlindo Colaço, 306 - São Miguel Paulista, São Paulo - SP, 08010-010, Brazil;são miguel;-23492661;-46441116;;;;;;CLOSED_PERMANENTLY;;establishment, food, meal_takeaway, point_of_interest, restaurant;;0;0;;;;;;;;São Miguel;alta;original;são miguel;74;1023;14,92000008;6,400000095;24;22,35000038;0,129999995;81,80999756;5,610000134;138,2100067
ChIJ5WcFXKlbzpQRnW933mOQb8A;Burger King;R. Ribeiro Lacerda, 940 - Bosque da Saúde, São Paulo - SP, 04150-000, Brazil;cursino;-236174993;-46625978;;https://www.burgerking.com.br/;3.6;78.0;2.0;CLOSED_PERMANENTLY;;establishment, food, point_of_interest, restaurant;;10;5;True;;;;;True;;Cursino;alta;nominatim_reverse;cursino;27;2194;32,79999924;7,599999905;29;14,85000038;-1,179999948;72,02999878;1,870000005;81,31999969
ChIJ9erpZoH3zpQRC8Nw4R1W6xA;Burger King;Av. Nova Cantareira, 394 - Tucuruvi, São Paulo - SP, 02330-001, Brazil;tucuruvi;-234873669;-466207098;;https://www.burgerking.com.br/;3.7;1508.0;;CLOSED_PERMANENTLY;;establishment, food, point_of_interest, restaurant;;10;5;True;;;;;True;;Tucuruvi;alta;original;tucuruvi;82;2381;33,27999878;8;31;13,15999985;-1,840000033;36,81999969;0;113,2900009
ChIJ3csOTYVZzpQR-ikZEg15IMg;Burger King;R. Domingos de Morais, 212 - Vila Mariana, São Paulo - SP, 05078-030, Brazil;vila maria;-235791047;-466408888;(55) 2397-0320;http://www.burgerking.com.br/;4.0;1.0;1.0;CLOSED_PERMANENTLY;;establishment, food, point_of_interest, restaurant;;0;1;;;;;;;;Vila Maria;alta;original;vila maria;89;1418;18,43000031;6,599999905;26;13,86999989;-1,590000033;63,16999817;7,599999905;95,94000244
